<?xml version="1.0" encoding="UTF-8"?>
<!DOCTYPE standard
  PUBLIC "-//NISO//DTD NISO STS Interchange Tag Set (NISO STS) DTD with MathML 3.0 v1.0 20171031//EN" "NISO-STS-interchange-1-mathml3.dtd">
<standard xmlns:mml="http://www.w3.org/1998/Math/MathML" xmlns:tbx="urn:iso:std:iso:30042:ed-1" xmlns:xlink="http://www.w3.org/1999/xlink" xml:lang="de"><front><std-meta id="profile.nat"><title-wrap xml:lang="de"><intro>Testfälle für die Satzerkennung und Modalitätsbewertung</intro><main>Testrequirements</main><full>Testfälle für die Satzerkennung und Modalitätsbewertung — Testrequirements</full></title-wrap><release-version>n</release-version><std-ident><originator>BeuthDKE</originator><doc-type>st</doc-type><doc-number>20240119</doc-number><edition/><version/><std-id-group><std-id std-id-type="dated" std-id-link-type="internal-pub-id" specific-use="xmlkey">d0000000</std-id></std-id-group></std-ident><content-language>de</content-language><std-ref type="undated">Testrequirements 20240119</std-ref><std-ref type="dated">Testrequirements 20240119:2024-03-05</std-ref><doc-ref>Testrequirements 20240119</doc-ref><release-date>2024-03-05</release-date><comm-ref>Projektgruppe „IDiS DIN DKE SPEC ReqIF-Interpretation“ im DIN und in der DKE</comm-ref><permissions><copyright-statement>(c) 2024, DIN und DKE</copyright-statement><copyright-year>2024</copyright-year><copyright-holder>Beuth/DKE</copyright-holder></permissions><custom-meta-group><custom-meta><meta-name>beuth-tr-role</meta-name><meta-value>standard.din</meta-value></custom-meta><custom-meta><meta-name>price</meta-name><meta-value>00</meta-value></custom-meta><custom-meta><meta-name>sales.number</meta-name><meta-value>0000</meta-value></custom-meta><custom-meta xml:lang="de"><meta-name>supply</meta-name><meta-value>Beuth Verlag GmbH • Berlin • Wien • Zürich</meta-value></custom-meta><custom-meta><meta-name>erfasst</meta-name><meta-value>wer</meta-value></custom-meta><custom-meta><meta-name>gelesen</meta-name><meta-value>wer</meta-value></custom-meta><custom-meta><meta-name>geprueft</meta-name><meta-value>wer</meta-value></custom-meta><custom-meta><meta-name>locale.decsep</meta-name><meta-value>comma</meta-value></custom-meta><custom-meta><meta-name>locale.diggrp</meta-name><meta-value>puncsp</meta-value></custom-meta><custom-meta><meta-name>qualitaet</meta-name><meta-value>1</meta-value></custom-meta><custom-meta><meta-name>xhtml.css</meta-name><meta-value>tr.css</meta-value></custom-meta><custom-meta><meta-name>xhtml.level.mobile</meta-name><meta-value>6</meta-value></custom-meta><custom-meta><meta-name>xhtml.level.online</meta-name><meta-value>1</meta-value></custom-meta><custom-meta><meta-name>tr3k2sts.revision</meta-name><meta-value>rUNKNOWN</meta-value></custom-meta><custom-meta><meta-name>tr3k2sts.generation.date</meta-name><meta-value>2024-03-05T16:20:16Z</meta-value></custom-meta></custom-meta-group></std-meta><sec specific-use="contents"><title>Inhalt</title></sec></front><body><sec id="sub-1" sec-type="scope"><label>1</label><title>Anwendungsbereich</title><p>Dieses Dokument ist ein Beispiel zum Testen der Satzzerlegung, Modalitätsbewertung und weiterem Natural Language Processing (NLP). Hierfür werden vielfältige Festlegungen und Elemente aus anderen Dokumenten verwendet.</p></sec><sec id="sub-2" sec-type="norm-refs"><label>2</label><title>Normative Verweisungen</title><p>Die folgende Norm enthält Festlegungen, die, durch Verweisungen in diesem Text, auch für diese Internationale Norm gelten. Zum Zeitpunkt der Veröffentlichung war die angegebene Ausgabe gültig. Alle Normen unterliegen der Überarbeitung. Vertragspartner, deren Vereinbarungen auf dieser Internationalen Norm basieren, sind gehalten, nach Möglichkeit die neueste Ausgabe der nachfolgend aufgeführten Norm anzuwenden. IEC- und ISO-Mitglieder verfügen über Verzeichnisse der gegenwärtig geltenden Internationalen Normen.</p><ref-list specific-use="list.of.documents" content-type="bibl"><ref content-type="standard" id="nor-2-1"><std><std-ref>ISO 10241</std-ref>, <title>International terminology standards — Preparation and layout; (notes [sollte hinter dem Titel umlaufen])</title></std></ref><ref content-type="standard" id="nor-2-2"><std><std-ref>DIN VDE 0165</std-ref> (<std-ref>VDE 0165</std-ref>), <title>Errichten elektrischer Anlagen in explosionsgefährdeten Bereichen</title></std></ref><ref content-type="standard" id="nor-2-3"><std><std-ref>DIN VDE 0165</std-ref> (<std-ref>VDE 0165</std-ref>, <std-ref>DKE 3rd0</std-ref>), <title>Errichten elektrischer Anlagen in explosionsgefährdeten Bereichen</title></std></ref><ref id="bib-2-1"><label>1</label><mixed-citation>Rieger, Wolfgang. SGML für die Praxis. Berlin, Heidelberg: Springer-Verlag, 1995. 427 S. Edition Page. Eines von zwei dt. Büchern zum Thema SGML. <std>ISBN 3-540-57534-0</std></mixed-citation></ref><ref id="bib-2-42"><label>42</label><mixed-citation>Goldfarb, Charles F. (Author); Rubinsky, Yuri (Editor). The SGML Handbook. Oxford: Oxford University Press, 1991-02-28. <std>ISBN-13:978-0198537373</std>; <std>ISBN-10:0198537379</std></mixed-citation></ref><ref id="bib-2-883"><label>883</label><mixed-citation>Goldfarb, Charles F. (Author); Rubinsky, Yuri (Editor). The SGML Handbook. Oxford: Oxford University Press, 1991-02-28. <std>ISBN-13:978-0198537373</std>; <std>ISBN-10:0198537379</std></mixed-citation></ref></ref-list></sec><sec id="sub-3" sec-type="clause"><label>3</label><title>Sätze erkennen</title><p>Äpfel, Birnen, Pflaumen usw. sind alles Obst. (SOLL: Abkürzung im Satz)</p><p>Obst sind Äpfel, Birnen, Pflaumen <styled-content style="marked">etc.</styled-content> Alles andere ist Gemüse. (SOLL: Abkürzung am Satzende)</p><p>The user should ignore values below <styled-content style="marked">4.2 °C</styled-content> within all measurements. (SOLL: Dezimaltrenner im Satz)</p><p>Wir gründen einen <styled-content style="marked">e. V.</styled-content> und keine GmbH. (SOLL: Abkürzung im Satz)</p><p>Wir gründen einen <styled-content style="marked">e. V.</styled-content> Jedoch brauchen wir dafür mindestens sieben Gründungsmitglieder. (SOLL: Abkürzung am Satzende)</p><p>Wir gründen einen <styled-content style="marked">e. V.</styled-content>, jedoch brauchen wir dafür mindestens sieben Gründungsmitglieder. (SOLL: Abkürzung im Satz)</p><p>Heraustrennen eines Teils vom Probestück, das eingebettet wird. Vorbereiten des eingebetteten Querschliffes durch geeignete Schleif-, Polier- und Ätzverfahren. Messen der Schichtdicke am Querschliff mit einem Meßokular. (SOLL: drei Sätze erkennen?)</p><p>Der Prüfbericht muß folgende Angaben enthalten:<list list-type="alpha-lower" specific-use="ordered.list alphabetic"><list-item><label>1</label><p>die Probenlage an dem Probenstück, von dem der Schliff angefertigt wurde;</p></list-item><list-item><label>b</label><p>die an den jeweiligen Stellen (7.3) gemessene Schichtdicke in µm (in mm, wenn größer als 1 mm) und die länge des Schliffabschnitts, über den die Messung vorgenommen wurde;</p></list-item><list-item><label>c</label><p>die Örtliche Schichtdicke, <styled-content style="marked">d. h.<bold/></styled-content> der arithmetische Mittelwert der gemessenen Schichtdicken.</p></list-item></list></p><p>("Der Prüfbericht" bis Ende der Aufzählung ein Satz, SOLL: modality=requirement)</p><p>Vorbereiten, Einbetten, Schleifen, Polieren und Ätzen ist so vorzunehmen, daß:<list list-type="alpha-lower" specific-use="ordered.list alphabetic"><list-item><label>a</label><p>der Querschliff senkrecht zur Schicht liegt;</p></list-item><list-item><label>b</label><p>die Oberfläche eben ist und die gesamte Breite der abgebildeten Schicht gleichzeitig scharf eingestellt ist;</p></list-item><list-item><label>c</label><p>das gesamte Material entfernt wird, das beim Abtrennen oder der Querschliffherstellung verformt wurde;</p></list-item><list-item><label>d</label><p>die Grenzlinien am Querschliff lediglich durch ihr kontrastierendes Aussehen oder durch eine schmale, gut definierte Linie, erkennbar sind.</p></list-item></list></p><p>("Vorbereiten" bis Ende der Aufzählung ein Satz, SOLL: modality=requirement)</p><p>Das Prüfverfahren muss wie folgt ablaufen:<list list-type="bullet" specific-use="unordered.list bullet"><list-item><label>•</label><p>	Der Benutzer muss das Gerät einschalten.</p></list-item><list-item><label>•</label><p>	Der Benutzer muss das Prüfobjekt einführen.</p></list-item><list-item><label>•</label><p>	Der Benutzer muss die Starttaste drücken.</p></list-item><list-item><label>•</label><p>	Der Benutzer muss die Prüfergebnisse dokumentieren.</p></list-item><list-item><label>•</label><p>	Der Benutzer muss das Prüfobjekt entfernen.</p></list-item><list-item><label>•</label><p>	Der Benutzer muss das Gerät ausschalten.</p></list-item></list></p><p>(Einleitender Absatz und jeder Punkt ein separater Satz und je ein SpecObj, SOLL: modality=requirement)</p><p>Lange Gleichungen oder andere mathematische Ausdrücke müssen manchmal, wenn es sich wegen zu geringer Breite des Satzspiegels nicht umgehen läßt, in mehrere Zeilen zerlegt werden. (SOLL: modality=requirement) Dabei soll der durch die Formel ausgedrückte Zusammenhang klar erkennbar bleiben. Hierfür gelten folgende Regeln: SOLL: (modality=ambiguity)</p><p>Eine sich mit einem weiteren Gleichheitszeichen fortsetzende Gleichung wird vor diesem Gleichheitszeichen geteilt. (modality=requirement)</p><p>Lange mathematische Ausdrücke sollen vor einem Plus- oder Minuszeichen geteilt werden, jedoch möglichst nicht in einem Klammerausdruck. (modality=ambiguity)</p><non-normative-example><label>BEISPIEL1</label><p>Das ist ein erstes Beispiel. (modality=<styled-content style="marked">undefined</styled-content>)</p></non-normative-example><p>Muß ein Produkt geteilt werden, so soll der Multiplikationspunkt am Anfang der neuen Zeile stehen, jedoch weiter rechts als das letzte vorangehende Gleichheitszeichen. (modality=ambiguity) Müssen Wurzeln geteilt werden, so schreibt man sie als Potenzen (gebrochene Exponenten) und teilt dann nach Regel 2 oder Regel 3. (modality=requirement) Brüche schreibt man als Potenz (Nenner als Faktor mit negativem Exponenten) und behandelt sie dann nach Regel 2 oder Regel 3. (modality=requirement)</p><non-normative-example><label>BEISPIEL2</label><p>Das ist ein zweites Beispiel. (modality=<styled-content style="marked">undefined</styled-content>)</p></non-normative-example></sec><sec id="sub-4" sec-type="clause"><label>4</label><title>Modalität bewerten</title><sec id="sub-4.1" sec-type="clause"><label>4.1</label><title>DIN EN ISO 1463:1995</title><p><styled-content style="marked">In dieser Internationalen Norm ist ein Verfahren zur Messung der Örtlichen Dicke von Metall-, Oxid- und Emailschichten durch mikroskopische Untersuchungen von Querschliffen mit einem Lichtmikroskop festgelegt.</styled-content> (SOLL: modality=undefined)</p><p>Das Verfahren ergibt bei Verwendung eines Lichtmikroskops eine absolute Meßunsicherheit von 0,8 µm. (SOLL: modality=undefined)</p><p>Es ist damit für die Messung dünner Schichten geeignet. (SOLL: modality=undefined)</p><p>Wenn die Schicht oder deren Grundwerkstoff eine rauhe Oberfläche aufweist, kann die Schichtober-, oder Unterseite für eine genaue Messung zu unregelmäßig sein. (SOLL: modality=possibility)</p><p>Wenn die Schlifffläche nicht senkrecht zur Schichtebene liegt, wird die gemessene Dicke größer sein als die wahre Dicke, <styled-content style="marked"><styled-content style="marked">z. B.<bold/></styled-content><bold/></styled-content> ergibt eine Neigung von 10° zur Senkrechten eine Meßunsicherheit von 1,5 %. (SOLL: modality=undefined)</p><p>Während des Schliffherstellens kann bei weichen und niedrigschmelzenden Schichtwerkstoffen durch zu hohe Temperatur- und Druckeinwirkung ein Verformen der Schicht auftreten. (SOLL: modality=possibility)</p><p>Wenn die Schichtkante am Querschliff abgerundet, <styled-content style="marked">d. h.<bold/></styled-content>, wenn die Schicht auf der Schlifffläche nicht vollständig eben bis zu der Kante ist, kann die wahre Dicke mikroskopisch nicht ermittelt werden. (SOLL: modality=capability)</p><p>Eine Kantenabrundung kann durch fehlerhaftes Einbetten, Schleifen, Polieren oder Ätzen verursacht werden. (SOLL: modality=possibility)</p><p>Sie wird im allgemeinen durch Beschichten der Probe vor dem Einbetten verringert. (SOLL: modality=undefined)</p><p>Das Beschichten der Probe <styled-content style="marked">soll</styled-content> die Kanten der Schicht bei der Schliffherstellung schützen und dadurch eine fehlerhafte Messung verhindern. (SOLL: modality=undefined)</p><p>Ein Abtragen des Schichtwerkstoffes während der Oberflächenvorbereitung zum Beschichten kann eine geringere Schichtdicke ergeben. (SOLL: modality=possibility)</p><p>Optimales Ätzen erzeugt eine eindeutige und schmale, dunkle Linie an der Grenzfläche von zwei Metallen. (SOLL: modality=undefined)</p><p>Überätzen ergibt eine unscharfe oder breite Linie, die zu einer fehlerhaften Messung führt. (SOLL: modality=undefined)</p><p>Ungeeignetes Polieren kann dazu führen, daß ein Metall über das andere geschmiert wird, so daß die tatsächliche Grenze zwischen den beiden Metallen verwischt wird. (SOLL: modality=possibility)</p><p>Die dadurch entstehende Grenzlinie kann nur ungenau festgelegt oder sehr unregelmäßig erscheinen, statt eindeutig definiert zu sein. (SOLL: modality=possibility)</p><p>Um sicherzustellen, daß kein Schmieren vorliegt, sollte die Schichtdicke gemessen und das Polieren, Ätzen und die Dickenmessung wiederholt werden. (SOLL: modality=requirement)</p><p>Eine wesentliche Änderung der Dicke weist darauf hin, daß wahrscheinlich bei einer der Messungen ein Schmieren vorlag. (SOLL: modality=undefined)</p><p>Bei allen Schichtdicken erhöhen sich die Meßfehler im allgemeinen mit kleinerer Vergrößerung. (SOLL: modality=undefined)</p><p>Wenn möglich, sollte die Vergrößerung so gewählt werden, daß das Gesichtsfeld dem 1,5- und 3fachen der Schichtdicke entspricht. (SOLL: modality=recommendation)</p><p>Jeder Kalibrierfehler des Objektstrichmaßstabes beeinflußt die Messung der Probe. (SOLL: modality=undefined)</p><p>Fehler von mehreren Prozent sind nicht unrealistisch, außer wenn die Kalibrierung der Meßskala vom Hersteller vorgenommen oder bescheinigt wurde. (SOLL: modality=undefined)</p><p><styled-content style="marked">Testrequirementsene Skalenlänge korrekt ist, besteht eine normalerweise ausreichende Art der Kalibrierung darin, jede Unterteilung mit einem Objektstrichmaßstab zu messen und durch einfache Proportionsrechnung zu überprüfen.</styled-content> (SOLL: modality=undefined)</p><p>Ein Meßokular ist im allgemeinen die beste Möglichkeit für die Messung der Probe. (SOLL: modality=undefined)</p><p>Die Messung wird nicht genauer als die Kalibrierung des Okulars sein. (SOLL: modality=undefined)</p><p>Da die Kalibrierung des Okulars bedienungsabhängig ist, muß das Okular von demjenigen kalibriert werden, der die Messung durchführt. (SOLL: modality=requirement)</p><p>Wiederholte Kalibrierung des Meßokulars lassen eine Meßunsicherheit von weniger als 1 % erwarten. (SOLL: modality=undefined)</p><p>Der Abstand zwischen zwei Linien eines Objektstrichmaßstabes, der für die Kalibrierung verwendet wird, muß innerhalb von 2 µm oder 1 %, je nachdem, welcher Wert größer ist, liegen. (SOLL: modality=requirement)</p><p>Die Genauigkeit von manchen Objektstrichmaßstäben wird vom Hersteller bescheinigt. (SOLL: modality=undefined)</p><p>Bei anderen Objektstrichmaßstäben liegt der Fehler für einen Meßbereich von 2 mm bei 1 oder 2 µm und bei Meßbereichen von 0,1 und 0,01 mm bei 0,4 µm und mehr. (SOLL: modality=undefined)</p><p>Wenn die Genauigkeit eines Objektstrichmaßstabes nicht kalibriert wurde, sollte es kalibriert werden.) (SOLL: modality=recommendation)</p><p>Manche Abbildung vom "Splitting-Meßokula" haben eine Nichtliniarität, die für kurze Meßabstände eine Meßunsicherheit bis zu 1 % ergeben. (SOLL: modality=undefined)</p><p>Fehler können durch den Toten Gang der Meßschraube des Meßokulars verursacht werden. (SOLL: modality=possibility)</p><p>Dies kann vermieden werden, wenn die letzte Drehrichtung der Meßschraube zum Messen eingehalten wird. (SOLL: modality=capability)</p><p>Da die Vergrößerung nicht über das gesamte Sehfeld gleichmäßig ist, können Fehler auftreten, wenn die Kalibrierung und Messung, nicht im gleichen Teil des Sehfeldes durchgeführt wurden. (SOLL: modality=possibility)</p><p>Mangelnde Abbildungschärfe trägt zur Meßunsicherheit bei. (SOLL: modality=undefined)</p><p>Linsen geringer Güte können genaue Messungen ausschließen. (SOLL: modality=possibility)</p><p>Manchmal kann die Bildschärfe durch monochromatisches Licht verbessert werden. (SOLL: modality=capability)</p><p>Die Ausrichtung der Meßlinie vom Okular muß rechtwinklig zur Schichtoberfläche des Querschliffs erfolgen, <styled-content style="marked">z. B.<bold/></styled-content> 10 % Abweichung vom rechten Winkel ergibt einen Fehler von 1,5 %. (SOLL: modality=requirement)</p><p>Eine Änderung der Tubuslänge verursacht eine Abweichung der Vergrößerung und, wenn diese Änderung zwischen Kalibrierung und Messung auftritt, eine fehlerhafte Messung. (SOLL: modality=undefined)</p><p>Eine Änderung der Tubuslänge kann auftreten, wenn ein Okular neu oder erneut eingesetzt oder der Brennpunkt des Okulars verändert wird und bei manchen Mikroskopen der Feineinstellung. (SOLL: modality=possibility)</p><p>Einflüsse, die im Abschnitt 5 und Anhang A angegeben sind, müssen beachtet werden. (SOLL: modality=requirement)</p><p>Das Mikroskop und seine Meßeinrichtungen sind mit einem bescheinigten oder geeichten Objektstrichmaßstab zu kalibrieren. (SOLL: modality=requirement)</p><p>Die Breite der abgebildeten Schicht am Querschliff ist an mindestens fünf gleichmäßig über die Länge des Schliffs verteilten Stellen zu messen. (SOLL: modality=requirement)</p><p>Das Mikroskop und die zugehörige Ausrüstung, deren Einsatz, deren Kalibrierung und das Verfahren der Querschliffherstellung müssen so gewählt werden, daß eine Bestimmung der Schichtdicke innerhalb von 1 µm oder 10 %, je nachdem, welcher Wert größer ist, der wahren Schichtdicke möglich ist. (SOLL: modality=requirement)</p><p>Unter günstigen Bedingungen liefert das Verfahren bei Verwendung eines Lichtmikroskops eine absolute Meßunsicherheit von 0,8 µm. (SOLL: modality=undefinded)</p><p>Für Schichtdicken über 25 µm liegt eine angemessene Abweichung in der Größenordnung von 5 % oder darunter. (SOLL: modality=undefinded)</p><p>Die Vorbereitung der Proben und das Messen der Schichtdicke hängen weitgehend von den einzelnen Techniken ab, von denen eine Vielzahl geeigneter vorhanden sind. (SOLL: modality=undefined)</p><p>Es ist nicht sinnvoll, nur ein Verfahren festzulegen, und ebenso ist es unpraktisch, alle geeigneten Techniken aufzuführen. (SOLL: modality=undefined)</p><p>Die in diesem Anhang beschriebenen Verfahren <styled-content style="marked">sollen</styled-content> als Anleitung für Metallographen gedacht sein, die beim Schichtdickenmessen unerfahren sind. (SOLL: modality=ambiguity)</p><p>Um ein Abrunden der Kanten am Schichtquerschnitt zu verhindern, ist die Probe so einzubetten, daß kein Hohlraum zwischen Schicht und Einbettung vorliegt. (SOLL: modality=requirement (SOLL: modality=undefined))</p><p>Das wird im allgemeinen dadurch erreicht, daß die Probe mit einer mindestens 10 µm dicken Metallschicht, die genauso hart ist wie die Schicht, versehen wird. (SOLL: modality=undefined)</p><p>Bei harten, spröden Schichten (<styled-content style="marked">z. B.<bold/></styled-content> Oxidschichten oder Chromschichten) hat sich ein festes Umhüllen mit weicher Aluminiumfolie vor dem Einspannen als vorteilhaft erwiesen. (SOLL: modality=undefined)</p><p>Bei weichen Schichten wird das Polieren durch Beschichten mit einem weicheren Metall schwieriger, da das weichere Metall schneller wegpoliert wird. (SOLL: modality=undefined)</p><p>Ein Aufbringen von Kupfer auf Cadmium oder Zink kann schwierig werden, weil das Kupfer dazu neigt, sich während der nachfolgenden Ätzung aufzulösen und sich auf den Schichten abzulagern. (SOLL: modality=capability)</p><p>Es ist besser, Cadmium mit Zink und umgekehrt zu beschichten. (SOLL: modality=undefined)</p><p>Es ist wichtig, die Querschliffsoberfläche in einem Schliffhalter senkrecht zur Schicht zu halten. (SOLL: modality=requirement)</p><p>Das wird erleichtert, indem zusätzliche Stücke eines gleichartigen Metalls nahe an den Rändern des Schliffhalters eingespannt werden. (SOLL: modality=undefined)</p><p>Außerdem <styled-content style="marked">soll</styled-content> regelmäßig die Schleifrichtung (durch Drehen um 90°) verändert werden und die Schleifzeit und der Anpreßdruck auf ein Minimum beschränkt bleiben. (SOLL: modality=ambiguity)</p><p>Wenn vor dem Schleifen auf den Seiten des Schliffes Bezugsmarken eingeritzt werden, ist jede Abweichung von der Horizontalen leicht erkennbar. (SOLL: modality=undefined)</p><p>Die eingebetteten Proben sind mit geeignetem Schleifpapier unter Verwendung eines üblichen Schmiermittels wie <styled-content style="marked">z. B.<bold/></styled-content> Wasser oder Testbenzin mit geringem Druck zu schleifen, um eine Abschrägung der Oberfläche zu vermeiden. (SOLL: modality=requirement)</p><p>Zum Schleifen ist anfangs ein Schleifpapier der Körnung 100 oder 180 zu verwenden, um das wahre Probenprofil zu erhalten und das verformte Metall vollständig zu entfernen. (SOLL: modality=requirement)</p><p>Danach sind die Körnungen 240, 320, 500 und 600 ohne überschreiten der Schleifdauern von 30 bis 40 s für jedes Papier anzuwenden. (SOLL: modality=requirement)</p><p>Bei jedem Papierwechsel 9 ist die Schleifrichtung um 90° zu ändern. (SOLL: modality=requirement)</p><p>Ein anschließendes Polieren von 2 bis 3 min auf einer rotierenden Polierscheibe, auf der sich Diamantpaste mit einer Körnung von 4 bis 8 µm und Schmiermittel mit Testbenzin befinden, reicht im allgemeinen aus, um die Schleifriefen für die abschließende Untersuchung zu beseitigen. (SOLL: modality=undefined)</p><p>Wenn eine besonders hohe Oberflächengüte gefordert wird, kann eine zusätzliche Behandlung unter Verwendung einer Diamantpaste mit einer Körnung von etwa 1 µm angewandt werden. (SOLL: modality=capability)</p><p>Bei der Bearbeitung sehr weicher Werkstoffe können Schleifmittelteilchen beim Schleifen in den weichen Werkstoff eingedrückt werden. (SOLL: modality=possibility)</p><p>Das kann durch vollständiges Untertauchen des Schleifpapiers während des Schleifens mit einem mit einem Schmiermittel oder durch einen reichlichen Schmiermittelzufluß verringert werden. (SOLL: modality=capability)</p><p>Wenn Schleifmittelteilchen eingedrückt wurden, können sie durch kurzes, leichtes Polieren von Hand mit Metall-Poliermittel nach dem Schleifen und vor dem Polieren mit Diamantpaste oder durch ein- oder mehrere wechselweise aufeinanderfolgende Ätz- und Polierzyklen beseitigt werden. (SOLL: modality=possibility)</p><p>Das Ätzen ist normalerweise zweckmäßig, um einen Kontrast zwischen den Metallschichten zu bilden, um Spuren von verschmiertem Metall zu beseitigen oder um eine feine Grenzlinie der Schicht zu erreichen. (SOLL: modality=undefined)</p><p>Das Meßmittel kann ein Fadenkreuzokular oder ein Meßokular sein. (SOLL: modality=possibility)</p><p>Letzteres besitzt eine geringere Genauigkeit. Ein "Splitting-Meßokula" ist für dünne Schichten auf rauhem Grundwerkstoff vorteilhaft. Das Messen des auf einer Mattscheibe dargestellten Bildes ist normalerweise weniger zufriedenstellend wegen der mangelnden Schärfe des Bildes und der schlechten Ablesbarkeit des Meßstabes.</p><p>Das Meßmittel muß mindestens einmal vor und einmal nach jeder Messung kalibriert werden, es sei denn, die Erfahrungen besagen etwas anderes. (SOLL: modality=requirement)</p><p>Kalibrierungen und Schichtdickenmessungen sollten beide von derselben Person ausgeführt werden. (SOLL: modality=recommendation)</p><p>Der Objektstrichmaßstab und die Schicht sind auf die Mitte des Sehfeldes einzustellen, und an jeder Stelle sollte mindestens zweimal gemessen und daraus ein Mittelwert gebildet werden. (SOLL: modality=recommendation)</p><p>Bei kritischen Messungen und Schiedsmessungen <styled-content style="marked">sollen</styled-content> alle Arbeitsschritte zur Vorbereitung des Schliffes, vom Schleifen mit der Körnung 600 oder gröberen Schleifmitteln bis zur Schichtdickenmessung wenigstens zweimal durchgeführt werden. (SOLL: modality=ambiguity)</p><p>Bei geeigneten Techniken, guter Meßeinrichtung, bei glatten Schichten und glatten Grundwerkstoffoberflächen ist eine Wiederholpräzision innerhalb von 2 % oder 0,5 µm, je nachdem welcher Wert größer ist, üblich. (SOLL: modality=undefined)</p><p>Manche Mikroskope neigen zu einer Eigenbewegung des Objekttisches gegenüber dem Objektiv, die infolge ungleichmäßiger Wärmewirkung der Lichtquelle beeinflußt wird. (SOLL: modality=undefined)</p><p>Diese Eigenbewegung während der Messung kann bei mäßigen und hohen Vergrößerungen ein fehlerhaftes Meßergebnis verursachen. (SOLL: modality=undefined)</p><p>Dies kann durch schnelle Ausführung der Messung und durch zweimaliges Messen jedes Abstandes, einmal von links nach rechts und das andere Mal umgekehrt, reduziert werden. (SOLL: modality=capability)</p><p>Für den Ansatz der Ätzlösungen sollten Reagenzien mindestens dem Reinheitsgrad DAB 7 und destilliertes Wasser oder Wasser gleicher Reinheit verwendet werden. (SOLL: modality=recommendation)</p><p>WARNUNG: Bei einer Herstellung, Anwendung, Handhabung und Beseitigung dieser Ätzlösungen sind die einschlägigen Vorschriften, wie <styled-content style="marked">z. B.<bold/></styled-content> Unfallverhütungsvorschriften, die Arbeitsstoffverordnung usw. unter Beachtung der Gefahrenhinweise und Sicherheitsratschläge der einzelnen Reagenzien einzuhalten. (SOLL: modality=requirement)</p><p>Die Ätzlösung ist frisch anzusetzten. (SOLL: modality=requirement)</p><p>Die Ätzlösung sollte frisch angesetzt werden. (SOLL: modality=recommendation)</p></sec><sec id="sub-4.2" sec-type="clause"><label>4.2</label><title>NLP-Extraktor</title><p>Die Tragevorrichtung muss so konstruiert sein, dass beim Prüfen in praktischen Leistungsprüfungen das Gerät ohne vermeidbare Komforteinschränkung getragen werden kann, der Gerätträger keine Anzeichen übermäßiger Anstrengung erkennen lässt, die auf das Tragen des Gerätes zurückzuführen ist, und dass das Gerät den Gerätträger in gebückter Haltung oder bei Arbeiten in einem Raum mit eingeschränktem Zugang oder begrenzter Bewegungsfreiheit so wenig wie möglich behindert. [COMMENT: AGHE: "zurückzuführen ist" wurde als Anforderung erkannt] (SOLL: modality=requirement)</p><p>Die Freigabe von Produkten und Dienstleistungen zum Kunden darf erst nach zufriedenstellender Umsetzung der geplanten Vorkehrungen erfolgen, sofern nicht anderweitig von einer zuständigen Stelle und, falls zutreffend, durch den Kunden genehmigt. [COMMENT: "darf" in Verbindung mit "erst" ist eine Anforderung] (SOLL: modality=permission)</p><p>Lässt sich der richtige Sitz einer Dichtung nur nach dem Einbau feststellen, könnte der Abdruck durch Sichtprüfung geprüft werden, <styled-content style="marked">z. B.<bold/></styled-content> mit geeigneten Hilfsmitteln, wie <styled-content style="marked">z. B.<bold/></styled-content> Kreide. [COMMENT: "könnte" keine zulässige Verbform zur Formulierung von Möglichkeiten] (SOLL: modality=possibility)</p><p>Abhängig von der Art und der Reproduzierbarkeit des Prozesses und der vergossenen Baugruppe könnte dies durch die Anwendung statistischer Verfahren erfolgen. [COMMENT: "könnte" keine zulässige Verbform zur Formulierung von Möglichkeiten] (SOLL: modality=possibility)</p><p>Lässt sich der richtige Sitz einer Dichtung nur nach dem Einbau feststellen, könnte der Abdruck durch Sichtprüfung geprüft werden, z. B: mit geeigneten Hilfsmitteln, wie <styled-content style="marked">z. B.<bold/></styled-content> Kreide. [COMMENT: "könnte" keine zulässige Verbform zur Formulierung von Möglichkeiten] (SOLL: modality=possibility)</p><p>Die Organisation muss Steuerungsmaßnahmen bestimmen, die für extern bereitgestellte Prozesse, Produkte und Dienstleistungen durchzuführen sind, wenn: Produkte und Dienstleistungen von externen Anbietern für die Integration in die organisationseigenen Produkte und Dienstleistungen vorgesehen sind. [COMMENT: Keine Anforderung des Dokuments] (SOLL: modality=requirement)</p><p>Je nach Art und Reproduzierbarkeit des Klebeprozesses und des verklebten Teils könnte dies <styled-content style="marked">z. B.<bold/></styled-content> mit statistischen Verfahren erfolgen. [COMMENT: "könnte" keine zulässige Verbform zur Formulierung von Möglichkeiten] (SOLL: modality=possibility)</p><p>wenn eine Bewertung des externen Anbieters stattfand und der dokumentierte objektive Nachweis ausdrückt, dass der externe Anbieter in der Lage ist, den Prozess, das Produkt oder die Dienstleistung vollständig herzustellen und zu überprüfen, ist keine weitere Überprüfung des Prozesses, des Produkts oder der Dienstleistung erforderlich, wenn eine Konformitätserklärung mit jedem Los oder jedem Produkt mitgeliefert wird. [COMMENT: "der Anbieter in der Lage ist, ... zu überprüfen" ist keine Anforderung] (SOLL: modality=requirement)</p><p>Wenn eine Bewertung des externen Anbieters stattfand und der dokumentierte objektive Nachweis ausdrückt, dass der externe Anbieter in der Lage ist, den Prozess, das Produkt oder die Dienstleistung vollständig herzustellen und zu überprüfen, ist keine weitere Überprüfung des Prozesses, des Produkts oder der Dienstleistung erforderlich, wenn eine Konformitätserklärung mit jedem Los oder jedem Produkt mitgeliefert wird. [COMMENT: "der Anbieter in der Lage ist, ... herzustellen" ist keine Anforderung] (SOLL: modality=requirement)</p><p>Die Organisation muss Änderungen der Produktion oder der Dienstleistungserbringung in einem Umfang überprüfen und steuern, der notwendig ist, um die Konformität mit den Anforderungen aufrechtzuerhalten. [COMMENT: "ist" und Infinitiv mit "zu" falsch als zusammengehörig (und damit als Anforderung) erkannt] (SOLL: modality=requirement)</p><p>Je nach Art und Reproduzierbarkeit des Prozesses und der vergossenen Baugruppe könnte dies <styled-content style="marked">z. B.<bold/></styled-content> mit statistischen Verfahren erfolgen. [COMMENT: "könnte" keine zulässige Verbform zur Formulierung von Möglichkeiten] (SOLL: modality=possibility)</p><p>Bestätigung, dass die Geräteprüfung, die erforderlich ist, um zu bestätigen, dass der Werkstoff mit dem Zertifikat oder der Zertifizierungszeichnung übereinstimmt, wie gefordert wiederholt wird. [COMMENT: "ist" und Infinitiv mit "zu" falsch als zusammengehörig (und damit als Anforderung) erkannt] (SOLL: modality=requirement)</p><p>Bestätigung, dass die Geräteprüfung, die erforderlich ist, um zu bestätigen, dass der Werkstoff mit dem Zertifikat oder der Zertifizierungszeichnung übereinstimmt, wie gefordert wiederholt wird. [COMMENT: "ist"/"sind" und Infinitiv mit "zu" wird falsch als zusammengehörig und damit falsch als Anforderung erkannt] (SOLL: modality=requirement)</p><p>wann die Überwachung und Messung durchzuführen sind. [COMMENT: "ist"/"sind" und Infinitiv mit "zu" wird falsch als zusammengehörig und damit falsch als Anforderung erkannt] (SOLL: modality=requirement)</p><p>wenn die die Zündschutzart bestimmenden Eigenschaften in einem späteren Stadium nicht überprüft werden können oder vom Hersteller nicht überprüft werden, <styled-content style="marked">z. B.<bold/></styled-content> bei vergossenen eigensicheren Schaltkreisen, dürfen das Produkt, der Prozess oder die Dienstleistung nur durch eines der folgenden Verfahren anerkannt werden: … [COMMENT: "darf" in Verbindung mit "nur" ist eine Anforderung] (SOLL: modality=permission)</p><p>Sorgfalt ist erforderlich, um sicherzustellen, dass sich keine Hohlräume durch Schütteln nach dem Befüllen bilden. [COMMENT: Aussage ist nicht, dass "Sorgfalt" "sicherzustellen" ist.] (SOLL: modality=requirement)</p><p>Die Organisation muss Ergebnisse während der Produktion und der Dienstleistungserbringung in dem Umfang erhalten, der notwendig ist, um die Konformität mit den Anforderungen sicherzustellen. [COMMENT: Keine Anforderung des Dokuments "ist" und Infinitiv mit "zu" falsch als zusammengehörig (und damit als Anforderung) erkannt] (SOLL: modality=requirement)</p><p>Ist das Zündschutzsystem erst zur Montage während der Installation beim Betreiber bestimmt, sollte die Betriebsanleitung gezielte Anleitung geben, wie diese Prüfungen durchzuführen sind. [COMMENT: keine Anforderung des Dokuments] (SOLL: modality=requirement)</p><p>wenn die Überprüfung eines beschafften Produkts nicht nach der Herstellung durchgeführt werden kann, <styled-content style="marked">z. B.<bold/></styled-content> bei vergossenen Teilen von eigensicheren Schaltkreisen, darf das Produkt nur angenommen werden, wenn es mit einer Konformitätserklärung geliefert wird. [COMMENT: "darf" in Verbindung mit "nur" ist eine Anforderung] (SOLL: modality=permission)</p><p>Das dokumentierte Verfahren sollte mindestens die Überprüfung der Baugruppen mit typischen Bauteilen, wie in den Zertifizierungszeichnungen festgelegt, sicherstellen. [COMMENT: "sollte" bezieht sich auf "sicherstellen", nicht "festgelegt"] (SOLL: modality=recommendation)</p><p>Die Konformität mit dieser Internationalen Norm darf nur dann beansprucht werden, wenn die Anforderungen, die als nicht zutreffend bestimmt wurden, nicht die Fähigkeit oder die Verantwortung der Organisation beeinträchtigen, die Konformität ihrer Produkte und Dienstleistungen sowie die Erhöhung der Kundenzufriedenheit sicherzustellen. [COMMENT: "darf" in Verbindung mit "nur" ist eine Anforderung] (SOLL: modality=permission)</p><p>Abhängig von der Art und der Reproduzierbarkeit des Prozesses und der vergossenen Baugruppe könnte dies durch die Anwendung statistischer Verfahren erfolgen. [COMMENT: "könnte" keine zulässige Verbform zur Formulierung von Möglichkeiten] (SOLL: modality=possibility)</p><p>Ex-Produkte dürfen nur freigegeben werden, wenn die Abschlussinspektion und Prüfung erfolgreich abgeschlossen wurden. [COMMENT: "darf" in Verbindung mit "nur" ist eine Anforderung] (SOLL: modality=permission)</p><p>Durch die Prüfung <styled-content style="marked">soll</styled-content> festgestellt werden, ob das Gehäuse beschädigt wird oder ob es eine bleibende Verformung erleidet. [COMMENT: "soll" entspricht nicht den zulässigen Verbformen zur Formulierung von Festlegungen] (SOLL: modality=recommendation)</p><p>Die Organisation muss die eindeutige Kennzeichnung der Ergebnisse steuern, wenn Rückverfolgbarkeit gefordert ist, und muss die dokumentierten Informationen aufbewahren, die notwendig sind, um eine Rückverfolgbarkeit zu ermöglichen. [COMMENT: "sind" und Infinitiv mit "zu" falsch als zusammengehörig (und damit als Anforderung) erkannt] (SOLL: modality=requirement)</p><p>externe Anbieter, die ein Produkt, einen Prozess oder eine Dienstleistung bereitstellen, welche die Übereinstimmung des Ex-Produkts mit dem Zertifikat beeinträchtigen kann, dürfen nur ausgewählt werden, nachdem eine Beurteilung den Nachweis erbracht hat, dass sie die Fähigkeit besitzen, die Konformität mit allen festgelegten Anforderungen sicherzustellen. [COMMENT: "darf" in Verbindung mit "nur" ist eine Anforderung] (SOLL: modality=permission)</p><p>Risiken und Chancen, die während der Planung bestimmt wurden, aktualisieren, falls erforderlich. [COMMENT: keine Anforderung] (SOLL: modality=requirement)</p><p>Eine große Anzahl von Organisationen ist gezwungen, Daten über Zeiträume aufzubewahren, die kürzer als die bei herkömmlichen Archiven sind. [COMMENT: AGHE: Meines Erachtens ist das gar keine Festlegung.] (SOLL: modality=requirement)</p><p>Die äußere Bodenfläche des Dampfdruckkochtopfes darf keine konvexe Form annehmen. [COMMENT: AGHE: Anforderung?] (SOLL: modality=permission)</p><p>Oberflächen dürfen keine Beschädigungen wie Blasen, Poren oder Risse haben, in denen sich Schmutz ansammeln kann. [COMMENT: AGHE: Anforderung?] (SOLL: modality=permission)</p><p>Die Teile des Dampfdruckkochtopfes dürfen keine scharfen Kanten aufweisen, an denen sich der Benutzer verletzen kann. [COMMENT: AGHE: Anforderung?] (SOLL: modality=permission)</p><p>In keinem Fall darf der Druck, der erreichbar ist, wenn die Vorrichtung anspricht, kleiner als 4 kPa oder größer als 150 kPa sein. [COMMENT: AGHE: Sonderregel nötig für "In keinem Fall"?] (SOLL: modality=permission)</p><p>Diese müssen wie folgt angegeben werden:<list list-type="dash" specific-use="unordered.list dash"><list-item><label>–</label><p>Jeweiliges Maß angeben (<styled-content style="marked">z. B.<bold/></styled-content> Durchmesser).</p></list-item><list-item><label>–</label><p>"Grenzabmaße" oder "Toleranzklassen" angeben.</p></list-item><list-item><label>–</label><p>Maß-Teilbereich angeben.</p></list-item><list-item><label>–</label><p>Toleranzklasse nach EN 20286-2 oder Toleranz nach ISO 406 angeben. (SOLL: modality=requirement)</p></list-item></list></p><p>Dieses Dokument ist nicht auf Konstruktionen anzuwenden, in denen Wälzkörper direkt auf der Welle oder im Gehäuse laufen, es sei denn, die Lauffläche ist in jeder Beziehung der Lauffläche des Lagerringes gleichwertig, die sie ersetzt.###Comment: 2023-02-23 NGU: übernommen von RSI (siehe. die Dokument-Annotation) (SOLL: modality=requirement)</p><p>Solche Spannungskonzentrationen sind <styled-content style="marked">z. B.<bold/></styled-content> zu erwarten im Mittelpunkt von Nennberührungspunkten, an den Enden der Berührungsflächen bei Linienberührung, in Lagern, deren Rollen nicht genau geführt werden, und in Lagern, deren Rollen länger sind als der 2,5fache Rollendurchmesser. [COMMENT: 2023-02 NGU: übernommen von RSI (s. Dokument-Annotation)] (SOLL: modality=requirement)</p><p>Für die Fettschmierung ist die empfohlene Auswahl der Diagramme und Gleichungen für die verschiedenen Sauberkeitsklassen in Tabelle A.1 angegeben und die Auswahl darf nur nach dieser Tabelle vorgenommen werden. [COMMENT: "darf" in Verbindung mit "nur" (en: shall only) markiert eine Anforderung.] (SOLL: modality=permission)</p><p>Die Gefährdungsanalyse und der Prozess der Risikoreduzierung an einer Maschine erfordert, dass Gefährdungen durch eine Hierarchie von Maßnahmen beseitigt oder reduziert werden:<list list-type="dash" specific-use="unordered.list dash"><list-item><label>–</label><p>Beseitigung von Gefährdungen oder Risikominderung durch Konstruktion (siehe ISO 12100:2010, 6.2 );</p></list-item><list-item><label>–</label><p>Risikominderung durch Schutzeinrichtungen und mögliche ergänzende Schutzmaßnahmen (siehe ISO 12100:2010, 6.3 );</p></list-item><list-item><label>–</label><p>Risikominderung durch Bereitstellung einer Benutzerinformation über das Restrisiko (siehe ISO 12100:2010, 6.4 ).</p></list-item></list></p><p>Somit ist im Beispiel B eine Punktzahl von 85 ausreichend, um die Anforderungen gegen CCF zu erfüllen. [COMMENT: Keine Anforderung. Text ist hier rein informativ beschreibend.] (SOLL: modality=requirement)</p><p>Die Spezifikation der sicherheitsbezogenen Software muss überprüft werden und jeder Person, die am Lebenszyklus beteiligt ist, verfügbar sein und muss die Beschreibung enthalten von: Sicherheitsfunktionen mit erforderlichem PL und zugehörigen Betriebsarten, Leistungskriterien, <styled-content style="marked">z. B.<bold/></styled-content> Reaktionszeiten, Hardwarearchitektur mit externen Signalschnittstellen, und Erkennung und Beherrschung externer Ausfälle. [COMMENT: Nicht erfasst wurde die Anforderung: "... muss ... jeder Person, die ..., verfügbar sein"] (SOLL: modality=requirement)</p><p>die Umschaltung von Lokal- auf Hauptsteuerung darf keine Gefährdungssituationen erzeugen. [COMMENT: Keine Zulässigkeit. "... darf keine ... erzeugen" ist eine Anforderung.] (SOLL: modality=permission)</p><p>Die manuelle Rückstellfunktion: muss durch ein getrenntes, manuell zu bedienendes Gerät in dem SRP/CS bereitgestellt werden, darf nur dann erreicht werden, wenn alle Sicherheitsfunktionen und Schutzeinrichtungen funktionsfähig sind, darf selbst keine Bewegung oder Gefährdungssituation einleiten, muss eine beabsichtigte Handlung sein, muss der Steuerung ermöglichen, einen separaten Startbefehl anzunehmen, darf nur erfolgen durch das Loslassen des Betätigungselements in seiner betätigten Position. [COMMENT: Keine Zulässigkeit. "... darf ... keine ... einleiten" ist eine Anforderung.] (SOLL: modality=permission)</p><p>Für SRASW in Komponenten mit PL r von c bis e werden die folgenden zusätzlichen Maßnahmen mit steigender Wirksamkeit erforderlich oder empfohlen. [COMMENT: Text ist sowohl Anforderung (... werden ... erforderlich) als auch Empfehlung (... werden ... empfohlen)] (SOLL: modality=recommendation)</p><p>Dieser Positionsschalter ist mit einem Hilfsschütz K1B verbunden, der in der Lage ist, die Energiezufuhr zum Motor abzuschalten. [COMMENT: Keine Anforderung. Die erkannte Formulierung "ist ... abzuschalten" ist grammatikalisch und syntaktisch nicht miteinander verbunden.] (SOLL: modality=requirement)</p><p>Ist es <styled-content style="marked">z. B.<bold/></styled-content> notwendig, im zyklischen Betrieb zwischen die Werkzeuge der Maschine zu greifen, um Werkstücke zuzuführen oder zu bewegen, dann sollte F2 gewählt werden. [COMMENT: Keine Anforderung. Satz ist eine Empfehlung (wegen: "sollte ... gewählt werden").] (SOLL: modality=requirement)</p><p>Die manuelle Rückstellfunktion: muss durch ein getrenntes, manuell zu bedienendes Gerät in dem SRP/CS bereitgestellt werden, darf nur dann erreicht werden, wenn alle Sicherheitsfunktionen und Schutzeinrichtungen funktionsfähig sind, darf selbst keine Bewegung oder Gefährdungssituation einleiten, muss eine beabsichtigte Handlung sein, muss der Steuerung ermöglichen, einen separaten Startbefehl anzunehmen, darf nur erfolgen durch das Loslassen des Betätigungselements in seiner betätigten Position. [COMMENT: Keine Zulässigkeit. "... darf nur erfolgen ... " ist eine Anforderung.] (SOLL: modality=permission)</p><p>Die SRP/CS müssen mindestens in Übereinstimmung mit den zutreffenden Normen gestaltet, gebaut, ausgewählt, zusammengestellt und kombiniert sein und die grundlegenden Sicherheitsprinzipien für die bestimmte Anwendung nutzen, um Folgendem standzuhalten: den zu erwartenden Betriebsbeanspruchungen, <styled-content style="marked">z. B.<bold/></styled-content> der Zuverlässigkeit bezüglich des Schaltvermögens und Schalthäufigkeit, dem Einfluss des bearbeiteten Materials, <styled-content style="marked">z. B.<bold/></styled-content> dem Reinigungsmittel in einer Waschmaschine, und anderen relevanten äußeren Einflüssen, <styled-content style="marked">z. B.<bold/></styled-content> mechanische Schwingungen, elektromagnetischen Störungen, Unterbrechungen oder Störungen der Energieversorgung. [COMMENT: Als Anforderung wurde in diesem Extrakt (und in denen darüber) nicht erfasst: "... müssen ... die grundlegenden Sicherheitsprinzipien ... nutzen, um ..."] (SOLL: modality=requirement)</p><p>Es darf keine logische Verknüpfung von nicht sicherheitsbezogenen und sicherheitsbezogenen Daten geben, die zur Herabstufung der Integrität der sicherheitsbezogenen Signale führen könnten, <styled-content style="marked">z. B.<bold/></styled-content> Verknüpfen eines sicherheitsbezogenen und eines nicht sicherheitsbezogenen Signals durch ein logisches "ODER", dessen Ausgang sicherheitsbezogene Signale steuert. [COMMENT: Keine Zulässigkeit. "Es darf keine ... geben" ist eine Anforderung.] (SOLL: modality=permission)</p><p>Wenn die PLC einen Ausfall des CC bemerkt, ist es möglich, die Bewegung mit dem Freigabe-Signal anzuhalten und das Hilfsschütz K1B abzuschalten. [COMMENT: Keine Anforderung. "ist es möglich ..." stellt eine Möglichkeit dar.] (SOLL: modality=requirement)</p><p>Die folgenden Architekturen sind typisch, um die Anforderungen der zugehörigen Kategorie zu erfüllen. [COMMENT: Keine Anforderung: Die Einleitung mit "... sind typisch, um ..." beschreibt hier eine beispielhafte Nennung.] (SOLL: modality=requirement)</p><p>Ein Wiederanlauf darf nur dann automatisch erfolgen, wenn keine Gefährdungssituation bestehen kann. [COMMENT: Keine Zulässigkeit. "... darf nur dann ... erfolgen" ist eine Anforderung.] (SOLL: modality=permission)</p><p>Dieser Positionsschalter ist mit einem Hilfsschütz K1B verbunden, der in der Lage ist, die Energiezufuhr zum Motor abzuschalten. [COMMENT: Keine Anforderung. Die Formulierung "ist ... abzuschalten" stellt hier keine Anforderung dar.] (SOLL: modality=requirement)</p><p>Jeder Test der Sicherheitsfunktion muss entweder den Betrieb zulassen, wenn keine Fehler erkannt wurden, oder eine Ausgabe für die Einleitung geeigneter Steuerungsmaßnahmen erzeugen, wenn ein Fehler erkannt wurde. [COMMENT: Folgende Anforderung wurde nicht erfasst: "... muss entweder ... oder eine Ausgabe ... erzeugen ..."] (SOLL: modality=requirement)</p><p>Im zweiten Kanal, der elektronische Bauteile enthält, ist ein zweiter Positionsschalter SW2 an eine speicherprogrammierbare Steuerung PLC angeschlossen, der den Stromrichter CC ansteuern kann, um die Energiezufuhr zum Motor auszuschalten. [COMMENT: Keine Anforderung. "ist ... auszuschalten" ist syntaktisch und grammatikalisch hier nicht zusammenhängig.] (SOLL: modality=requirement)</p><p>Dies bedeutet für Kategorie 3 und 4 nicht notwendigerweise, dass alle Teile physikalisch redundant vorhanden sind, sondern dass redundante Mittel bereitstehen, um sicherzustellen, dass ein Fehler nicht zum Verlust der Sicherheitsfunktion führen kann. [COMMENT: Keine Anforderung, eher eine Zustandsbeschreibung.] (SOLL: modality=requirement)</p><p>Die Fehlerlisten sind nicht vollständig, und wenn notwendig, müssen weitere Fehler berücksichtigt und aufgezählt werden. [COMMENT: Keine Zulässigkeit. Der angegebene Text ist rein informativ und keine Festlegung.] (SOLL: modality=permission)</p><p>Der Positionsschalter ist mit einem Hilfsschütz K1A verbunden, der in der Lage ist, die Energiezufuhr zum Motor auszuschalten. [COMMENT: Keine Anforderung. Die erkannte Formulierung "ist ... auszuschalten" ist grammatikalisch und syntaktisch nicht miteinander verbunden.] (SOLL: modality=requirement)</p><p>Es darf durch eine lokale Steuerungsfunktion nur in einem Bereich, der durch eine Risikobeurteilung definiert wurde, möglich sein, Gefährdungsbedingungen auszulösen. [COMMENT: Keine Zulässigkeit. "es darf ... nur ... möglich sein" ist eine Anforderung.] (SOLL: modality=permission)</p><p>In den meisten Fällen sind die entsprechenden Wahrscheinlichkeiten nicht bekannt oder schwer zu bestimmen. [COMMENT: Keine Anforderung. Die Formulierung "sind ... schwer zu bestimmen" stellt eine Zustandsbeschreibung dar, keine Anforderung.] (SOLL: modality=requirement)</p><p>SRP/CS der Kategorie 4 müssen so gestaltet werden, dass ein einzelner Fehler in jedem dieser sicherheitsbezogenen Teile nicht zum Verlust der Sicherheitsfunktion führt, und der einzelne Fehler bei oder vor der nächsten Anforderung der Sicherheitsfunktion erkannt wird, <styled-content style="marked">z. B.<bold/></styled-content> unmittelbar, beim Einschalten oder am Ende eines Maschinenzyklus, aber wenn diese Erkennung nicht möglich ist, dann darf die Anhäufung von unerkannten Fehlern nicht zum Verlust der Sicherheitsfunktion führen. [COMMENT: Folgende Anforderung wurde nicht erfasst: ... müssen so gestaltet werden, dass ... der einzelne Fehler bei oder vor der nächsten Anforderung der Sicherheitsfunktion erkannt wird, ...] (SOLL: modality=requirement)</p><p>Hardwareeinheiten, die nur zur Diagnose verwendet werden und die Ausführung der Sicherheitsfunktion in den verschiedenen Kanälen nicht beeinflussen, wenn sie gefährlich ausfallen, können von den Hardwareeinheiten getrennt werden, die notwendig sind, die Sicherheitsfunktion in den unterschiedlichen Kanälen auszuführen. [COMMENT: Keine Anforderung. Satz drückt eine Möglichkeit aus ("können ... getrennt werden"). Die Konstruktion mit "zu + Infinitiv" wird nicht als Anforderung eingesetzt.] (SOLL: modality=requirement)</p><p>Die manuelle Rückstellfunktion: muss durch ein getrenntes, manuell zu bedienendes Gerät in dem SRP/CS bereitgestellt werden, darf nur dann erreicht werden, wenn alle Sicherheitsfunktionen und Schutzeinrichtungen funktionsfähig sind, darf selbst keine Bewegung oder Gefährdungssituation einleiten, muss eine beabsichtigte Handlung sein, muss der Steuerung ermöglichen, einen separaten Startbefehl anzunehmen, darf nur erfolgen durch das Loslassen des Betätigungselements in seiner betätigten Position. [COMMENT: Keine Zulässigkeit. "... darf nur dann erreicht werden" ist eine Anforderung.] (SOLL: modality=permission)</p><p>Ein allgemeingültiger Zeitraum, wann Parameter F1 oder wann F2 auszuwählen ist, kann nicht festgelegt werden. [COMMENT: Keine Anforderung. Satz stellt eher eine Möglichkeit ("kann nicht festgelegt werden") dar.] (SOLL: modality=requirement)</p><p>Der Positionsschalter ist mit einem Hilfsschütz K1A verbunden, der in der Lage ist, die Energiezufuhr zum Motor auszuschalten. [COMMENT: Keine Anforderung. Die erkannte Formulierung "ist ... auszuschalten" ist grammatikalisch und syntaktisch nicht miteinander verbunden.] (SOLL: modality=requirement)</p><p>Das hier angegebene Verfahren stellt nur eine Einschätzung der Risikominderung zur Verfügung und ist als Anleitung für den Konstrukteur und Normensetzer vorgesehen, einen PL r für jede notwendige, durch ein SRP/CS auszuführende Sicherheitsfunktion auszuwählen.###Comment: Keine Anforderung. Hier wurde "ist ... auszuwählen" als "ist zu + Infinitiv"-Konstruktion erkannt, was syntaktisch falsch ist.</p><p>Bei Prüfmaschinen, die nicht die Dehngeschwindigkeit regeln können, darf das Verfahren A2 angewandt werden. [COMMENT: AGHE: Für sich gesehen, müsste das eine Zulässigkeit sein, aber es gehört als Aufzählung zum vorherigen Satz "Die Prüfgeschwindigkeit muss die folgenden Anforderungen erfüllen:"] (SOLL: modality=requirement)</p><p>durchgeführt werden, ist die Temperatur aufzuzeichnen und anzugeben. [COMMENT: AGHE: Kontext unvollständig] (SOLL: modality=requirement)</p><p>Wenn nicht anders festgelegt, darf jede geeignete Prüfgeschwindigkeit bis zu einer Spannung verwendet werden, die der Hälfte der erwarteten Streckgrenze entspricht. [COMMENT: AGHE: Für sich gesehen, müsste das eine Zulässigkeit sein, aber es gehört als Aufzählung zum vorherigen Satz "Die Prüfgeschwindigkeit muss die folgenden Anforderungen erfüllen:"] (SOLL: modality=requirement)</p><p>In diesem Bereich ist eine Regelung der Dehngeschwindigkeit mit einem an die Probe angesetzten Dehnungsaufnehmer nicht möglich, da lokales Fließen außerhalb der Extensometer-Messlänge stattfinden kann. [COMMENT: AGHE: Für sich gesehen ist es eigentlich gar keine Festlegung? Gehört aber zur Aufzählung "Die Prüfgeschwindigkeit muss die folgenden Anforderungen erfüllen:"] (SOLL: modality=possibility)</p><p>Die Prüfgeschwindigkeit muss die folgenden Anforderungen erfüllen: … [COMMENT: AGHE: Macht alleinstehend keinen Sinn. Sätze aus der Aufzählung sind separat?] (SOLL: modality=requirement)</p><p>durchgeführt werden, ist die Temperatur aufzuzeichnen und anzugeben. [COMMENT: AGHE: Kontext unvollständig] (SOLL: modality=requirement)</p><p>Das Komitee darf Text aus den ISO/IEC-Dokumenten zu Konformitätsbewertungsverfahren wörtlich übernehmen, darf diese aber weder streichen, ändern oder interpretieren. (SOLL: modality=permission)</p><p>Beispiele dürfen keine Anforderungen enthalten oder irgendwelche Informationen in Betracht ziehen, die für die Anwendung des Dokuments zwingend erforderlich sind, <styled-content style="marked">z. B.<bold/></styled-content> Anleitungen, Empfehlungen oder Zulässigkeiten. (SOLL: modality=permission)</p><p>Wenn es nicht möglich ist, die erforderlichen Kenndaten festzulegen, darf der Werkstoff oder das Produkt detailliert angegeben werden. (SOLL: modality=requirement)</p><p>Anmerkungen dürfen keine Anforderungen enthalten oder irgendwelche Informationen in Betracht ziehen, die für die Anwendung des Dokuments zwingend erforderlich sind, <styled-content style="marked">z. B.<bold/></styled-content> Anleitungen, Empfehlungen oder Zulässigkeiten. (SOLL: modality=permission)</p><p>Ist ein Prüfverfahren auf zwei oder mehr Produktarten anwendbar oder ist die Anwendbarkeit zu vermuten, muss für das Prüfverfahren ein eigenständiges Dokument erstellt werden, und in jedem Dokument, das ein entsprechendes Produkt behandelt, muss auf das Dokument für das Prüfverfahren verwiesen werden. (SOLL: modality=requirement)</p><p>Beispiele brauchen keine Überschrift zu haben, können jedoch, falls notwendig, in einem Abschnitt oder Unterabschnitt mit der Überschrift "Beispiel" oder "Beispiele" aufgeführt werden. (SOLL: modality=requirement)</p><p>Informationen zur Anwendbarkeit dieser Verweisungen sind nicht im Abschnitt "Normative Verweisungen" zu finden, sondern an den Stellen im Dokument, wo sie zitiert werden. (SOLL: modality=requirement)</p><p>Fußnoten dürfen keine Anforderungen enthalten oder irgendwelche Informationen in Betracht ziehen, die für die Anwendung eines Dokuments zwingend erforderlich sind, <styled-content style="marked">z. B.<bold/></styled-content> Anleitungen, Empfehlungen oder Zulässigkeiten. (SOLL: modality=permission)</p><p>Es darf lediglich das Verfahren angegeben werden, mit dem die Prüfung durchzuführen ist, falls sie gefordert und auf sie verwiesen wird. (SOLL: modality=permission)</p><p>Das Komitee darf Text aus den ISO/IEC-Dokumenten zu Konformitätsbewertungsverfahren wörtlich übernehmen, darf diese aber weder streichen, ändern oder interpretieren. (SOLL: modality=permission)</p><p>Beispielsweise darf ein optionales Prüfverfahren Anforderungen enthalten, aber es ist nicht notwendig, diese Anforderungen zu erfüllen, um die Einhaltung des Dokuments zu beanspruchen. (SOLL: modality=requirement)</p><p>Fotografien und andere Medien dürfen verwendet werden, wenn die Darstellung des Sachverhaltes in Zeichnungen nicht möglich ist. (SOLL: modality=requirement)</p><p>Wenn das Komitee zustimmt und dies vom ISO Technical Management Board oder dem IEC Standardization Management Board genehmigt wird, darf eine Übergangsfrist angegeben werden, während der die Anwendung der nicht zu bevorzugenden Werte zugelassen ist. (SOLL: modality=requirement)</p><p>Das Pyknometer 30 min neben der Waage stehen lassen, damit es die Temperatur des Prüfraums erreicht, dann wiegen. (SOLL: modality=<styled-content style="marked">INSTRUCTION</styled-content>)</p></sec></sec></body><back><sec specific-use="index" id="sec_index"><title>Stichwortverzeichnis</title></sec></back></standard>