<?xml version="1.0" encoding="us-ascii"?>
<!DOCTYPE tr PUBLIC "+//ISO 9070/RA::A00007::GE::DIN German Institute for Standardization::Regulations//DTD Technical Regulation::Revision 3//EN" "TR3000.dtd">
<tr id="d0000000" role="standard.din"><profile role="profile.nat"><status><x>st</x><x>n</x></status><identifier><number>Testrequirements 20240119</number><date>2024-03-05</date><language>de</language></identifier><titles><title language="de"><group.title>Testf&auml;lle f&uuml;r die Satzerkennung und Modalit&auml;tsbewertung</group.title><general.title>Testrequirements</general.title></title></titles><source><x>Beuth</x><x>DKE</x></source><committee><x>Projektgruppe &ldquor;IDiS DIN DKE SPEC ReqIF-Interpretation&rdquor; im DIN und in der DKE</x></committee><price>00</price><sales.number><x>0000</x></sales.number><copyright>(c) 2024, DIN und DKE</copyright><supply><x>Beuth Verlag GmbH &bull; Berlin &bull; Wien &bull; Z&uuml;rich</x></supply><prodinfo role="erfasst"><x>wer</x></prodinfo><prodinfo role="gelesen"><x>wer</x></prodinfo><prodinfo role="geprueft"><x>wer</x></prodinfo><prodinfo role="locale.decsep"><x>comma</x></prodinfo><prodinfo role="locale.diggrp"><x>puncsp</x></prodinfo><prodinfo role="qualitaet"><x>1</x></prodinfo><prodinfo role="xhtml.css"><x>tr.css</x></prodinfo><prodinfo role="xhtml.level.mobile"><x>6</x></prodinfo><prodinfo role="xhtml.level.online"><x>1</x></prodinfo></profile><contents role="contents"><heading>Inhalt</heading></contents><body><clause id="sub-1" label="1" role="scope"><heading>Anwendungsbereich</heading><paragraph>Dieses Dokument ist ein Beispiel zum Testen der Satzzerlegung, Modalit&auml;tsbewertung und weiterem Natural Language Processing (NLP). Hierf&uuml;r werden vielf&auml;ltige Festlegungen und Elemente aus anderen Dokumenten verwendet.</paragraph></clause><clause id="sub-2" label="2" role="references"><heading>Normative Verweisungen</heading><paragraph>Die folgende Norm enth&auml;lt Festlegungen, die, durch Verweisungen in diesem Text, auch f&uuml;r diese Internationale Norm gelten. Zum Zeitpunkt der Ver&ouml;ffentlichung war die angegebene Ausgabe g&uuml;ltig. Alle Normen unterliegen der &Uuml;berarbeitung. Vertragspartner, deren Vereinbarungen auf dieser Internationalen Norm basieren, sind gehalten, nach M&ouml;glichkeit die neueste Ausgabe der nachfolgend aufgef&uuml;hrten Norm anzuwenden. IEC- und ISO-Mitglieder verf&uuml;gen &uuml;ber Verzeichnisse der gegenw&auml;rtig geltenden Internationalen Normen.</paragraph><list.of.documents><expression id="nor-2-1" label=""><citation HyTime="clink">ISO 10241</citation></expression><description>International terminology standards &mdash; Preparation and layout&semi; (notes [sollte hinter dem Titel umlaufen])</description><expression id="nor-2-2" label=""><citation HyTime="clink">DIN VDE 0165</citation> (<citation HyTime="clink">VDE 0165</citation>)</expression><description>Errichten elektrischer Anlagen in explosionsgef&auml;hrdeten Bereichen</description><expression id="nor-2-3" label=""><citation HyTime="clink">DIN VDE 0165</citation> (<citation HyTime="clink">VDE 0165</citation>, <citation HyTime="clink">DKE 3rd0</citation>)</expression><description>Errichten elektrischer Anlagen in explosionsgef&auml;hrdeten Bereichen</description><item id="bib-2-1" label="1">Rieger, Wolfgang. SGML f&uuml;r die Praxis. Berlin, Heidelberg: Springer-Verlag, 1995. 427 S. Edition Page. Eines von zwei dt. B&uuml;chern zum Thema SGML. <citation HyTime="clink">ISBN 3-540-57534-0</citation></item><item id="bib-2-42" label="42">Goldfarb, Charles F. (Author)&semi; Rubinsky, Yuri (Editor). The SGML Handbook. Oxford: Oxford University Press, 1991-02-28. <citation HyTime="clink">ISBN-13:978-0198537373</citation>&semi; <citation HyTime="clink">ISBN-10:0198537379</citation></item><item id="bib-2-883" label="883">Goldfarb, Charles F. (Author)&semi; Rubinsky, Yuri (Editor). The SGML Handbook. Oxford: Oxford University Press, 1991-02-28. <citation HyTime="clink">ISBN-13:978-0198537373</citation>&semi; <citation HyTime="clink">ISBN-10:0198537379</citation></item></list.of.documents></clause><clause id="sub-3" label="3" role="clause"><heading>S&auml;tze erkennen</heading><paragraph>&Auml;pfel, Birnen, Pflaumen usw. sind alles Obst. (SOLL: Abk&uuml;rzung im Satz)</paragraph><paragraph>Obst sind &Auml;pfel, Birnen, Pflaumen <emphasis style="marked">etc.</emphasis> Alles andere ist Gem&uuml;se. (SOLL: Abk&uuml;rzung am Satzende)</paragraph><paragraph>The user should ignore values below <emphasis style="marked">4.2 &deg;C</emphasis> within all measurements. (SOLL: Dezimaltrenner im Satz)</paragraph><paragraph>Wir gr&uuml;nden einen <emphasis style="marked">e. V.</emphasis> und keine GmbH. (SOLL: Abk&uuml;rzung im Satz)</paragraph><paragraph>Wir gr&uuml;nden einen <emphasis style="marked">e. V.</emphasis> Jedoch brauchen wir daf&uuml;r mindestens sieben Gr&uuml;ndungsmitglieder. (SOLL: Abk&uuml;rzung am Satzende)</paragraph><paragraph>Wir gr&uuml;nden einen <emphasis style="marked">e. V.</emphasis>, jedoch brauchen wir daf&uuml;r mindestens sieben Gr&uuml;ndungsmitglieder. (SOLL: Abk&uuml;rzung im Satz)</paragraph><paragraph>Heraustrennen eines Teils vom Probest&uuml;ck, das eingebettet wird. Vorbereiten des eingebetteten Querschliffes durch geeignete Schleif-, Polier- und &Auml;tzverfahren. Messen der Schichtdicke am Querschliff mit einem Me&szlig;okular. (SOLL: drei S&auml;tze erkennen?)</paragraph><paragraph>Der Pr&uuml;fbericht mu&szlig; folgende Angaben enthalten:<ordered.list style="alphabetic"><item label="1">die Probenlage an dem Probenst&uuml;ck, von dem der Schliff angefertigt wurde&semi;</item><item label="b">die an den jeweiligen Stellen (7.3) gemessene Schichtdicke in &micro;m (in mm, wenn gr&ouml;&szlig;er als 1 mm) und die l&auml;nge des Schliffabschnitts, &uuml;ber den die Messung vorgenommen wurde&semi;</item><item label="c">die &Ouml;rtliche Schichtdicke, <emphasis style="marked">d. h.<emphasis style="bold"/></emphasis> der arithmetische Mittelwert der gemessenen Schichtdicken.</item></ordered.list></paragraph><paragraph>(&quot;Der Pr&uuml;fbericht&quot; bis Ende der Aufz&auml;hlung ein Satz, SOLL: modality=requirement)</paragraph><paragraph>Vorbereiten, Einbetten, Schleifen, Polieren und &Auml;tzen ist so vorzunehmen, da&szlig;:<ordered.list style="alphabetic"><item label="a">der Querschliff senkrecht zur Schicht liegt&semi;</item><item label="b">die Oberfl&auml;che eben ist und die gesamte Breite der abgebildeten Schicht gleichzeitig scharf eingestellt ist&semi;</item><item label="c">das gesamte Material entfernt wird, das beim Abtrennen oder der Querschliffherstellung verformt wurde&semi;</item><item label="d">die Grenzlinien am Querschliff lediglich durch ihr kontrastierendes Aussehen oder durch eine schmale, gut definierte Linie, erkennbar sind.</item></ordered.list></paragraph><paragraph>(&quot;Vorbereiten&quot; bis Ende der Aufz&auml;hlung ein Satz, SOLL: modality=requirement)</paragraph><paragraph>Das Pr&uuml;fverfahren muss wie folgt ablaufen:<unordered.list style="bullet"><item label="&bull;">	Der Benutzer muss das Ger&auml;t einschalten.</item><item label="&bull;">	Der Benutzer muss das Pr&uuml;fobjekt einf&uuml;hren.</item><item label="&bull;">	Der Benutzer muss die Starttaste dr&uuml;cken.</item><item label="&bull;">	Der Benutzer muss die Pr&uuml;fergebnisse dokumentieren.</item><item label="&bull;">	Der Benutzer muss das Pr&uuml;fobjekt entfernen.</item><item label="&bull;">	Der Benutzer muss das Ger&auml;t ausschalten.</item></unordered.list></paragraph><paragraph>(Einleitender Absatz und jeder Punkt ein separater Satz und je ein SpecObj, SOLL: modality=requirement)</paragraph><paragraph>Lange Gleichungen oder andere mathematische Ausdr&uuml;cke m&uuml;ssen manchmal, wenn es sich wegen zu geringer Breite des Satzspiegels nicht umgehen l&auml;&szlig;t, in mehrere Zeilen zerlegt werden. (SOLL: modality=requirement) Dabei soll der durch die Formel ausgedr&uuml;ckte Zusammenhang klar erkennbar bleiben. Hierf&uuml;r gelten folgende Regeln: SOLL: (modality=ambiguity)</paragraph><paragraph>Eine sich mit einem weiteren Gleichheitszeichen fortsetzende Gleichung wird vor diesem Gleichheitszeichen geteilt. (modality=requirement)</paragraph><paragraph>Lange mathematische Ausdr&uuml;cke sollen vor einem Plus- oder Minuszeichen geteilt werden, jedoch m&ouml;glichst nicht in einem Klammerausdruck. (modality=ambiguity)</paragraph><paragraph><example label="BEISPIEL1">Das ist ein erstes Beispiel. (modality=<emphasis style="marked">undefined</emphasis>)</example></paragraph><paragraph>Mu&szlig; ein Produkt geteilt werden, so soll der Multiplikationspunkt am Anfang der neuen Zeile stehen, jedoch weiter rechts als das letzte vorangehende Gleichheitszeichen. (modality=ambiguity) M&uuml;ssen Wurzeln geteilt werden, so schreibt man sie als Potenzen (gebrochene Exponenten) und teilt dann nach Regel 2 oder Regel 3. (modality=requirement) Br&uuml;che schreibt man als Potenz (Nenner als Faktor mit negativem Exponenten) und behandelt sie dann nach Regel 2 oder Regel 3. (modality=requirement)</paragraph><paragraph><example label="BEISPIEL2">Das ist ein zweites Beispiel. (modality=<emphasis style="marked">undefined</emphasis>)</example></paragraph></clause><clause id="sub-4" label="4" role="clause"><heading>Modalit&auml;t bewerten</heading><clause id="sub-4.1" label="4.1" role="clause"><heading>DIN EN ISO 1463:1995</heading><paragraph><emphasis style="marked">In dieser Internationalen Norm ist ein Verfahren zur Messung der &Ouml;rtlichen Dicke von Metall-, Oxid- und Emailschichten durch mikroskopische Untersuchungen von Querschliffen mit einem Lichtmikroskop festgelegt.</emphasis> (SOLL: modality=undefined)</paragraph><paragraph>Das Verfahren ergibt bei Verwendung eines Lichtmikroskops eine absolute Me&szlig;unsicherheit von 0,8 &micro;m. (SOLL: modality=undefined)</paragraph><paragraph>Es ist damit f&uuml;r die Messung d&uuml;nner Schichten geeignet. (SOLL: modality=undefined)</paragraph><paragraph>Wenn die Schicht oder deren Grundwerkstoff eine rauhe Oberfl&auml;che aufweist, kann die Schichtober-, oder Unterseite f&uuml;r eine genaue Messung zu unregelm&auml;&szlig;ig sein. (SOLL: modality=possibility)</paragraph><paragraph>Wenn die Schlifffl&auml;che nicht senkrecht zur Schichtebene liegt, wird die gemessene Dicke gr&ouml;&szlig;er sein als die wahre Dicke, <emphasis style="marked"><emphasis style="marked">z. B.<emphasis style="bold"/></emphasis><emphasis style="bold"/></emphasis> ergibt eine Neigung von 10&deg; zur Senkrechten eine Me&szlig;unsicherheit von 1,5 %. (SOLL: modality=undefined)</paragraph><paragraph>W&auml;hrend des Schliffherstellens kann bei weichen und niedrigschmelzenden Schichtwerkstoffen durch zu hohe Temperatur- und Druckeinwirkung ein Verformen der Schicht auftreten. (SOLL: modality=possibility)</paragraph><paragraph>Wenn die Schichtkante am Querschliff abgerundet, <emphasis style="marked">d. h.<emphasis style="bold"/></emphasis>, wenn die Schicht auf der Schlifffl&auml;che nicht vollst&auml;ndig eben bis zu der Kante ist, kann die wahre Dicke mikroskopisch nicht ermittelt werden. (SOLL: modality=capability)</paragraph><paragraph>Eine Kantenabrundung kann durch fehlerhaftes Einbetten, Schleifen, Polieren oder &Auml;tzen verursacht werden. (SOLL: modality=possibility)</paragraph><paragraph>Sie wird im allgemeinen durch Beschichten der Probe vor dem Einbetten verringert. (SOLL: modality=undefined)</paragraph><paragraph>Das Beschichten der Probe <emphasis style="marked">soll</emphasis> die Kanten der Schicht bei der Schliffherstellung sch&uuml;tzen und dadurch eine fehlerhafte Messung verhindern. (SOLL: modality=undefined)</paragraph><paragraph>Ein Abtragen des Schichtwerkstoffes w&auml;hrend der Oberfl&auml;chenvorbereitung zum Beschichten kann eine geringere Schichtdicke ergeben. (SOLL: modality=possibility)</paragraph><paragraph>Optimales &Auml;tzen erzeugt eine eindeutige und schmale, dunkle Linie an der Grenzfl&auml;che von zwei Metallen. (SOLL: modality=undefined)</paragraph><paragraph>&Uuml;ber&auml;tzen ergibt eine unscharfe oder breite Linie, die zu einer fehlerhaften Messung f&uuml;hrt. (SOLL: modality=undefined)</paragraph><paragraph>Ungeeignetes Polieren kann dazu f&uuml;hren, da&szlig; ein Metall &uuml;ber das andere geschmiert wird, so da&szlig; die tats&auml;chliche Grenze zwischen den beiden Metallen verwischt wird. (SOLL: modality=possibility)</paragraph><paragraph>Die dadurch entstehende Grenzlinie kann nur ungenau festgelegt oder sehr unregelm&auml;&szlig;ig erscheinen, statt eindeutig definiert zu sein. (SOLL: modality=possibility)</paragraph><paragraph>Um sicherzustellen, da&szlig; kein Schmieren vorliegt, sollte die Schichtdicke gemessen und das Polieren, &Auml;tzen und die Dickenmessung wiederholt werden. (SOLL: modality=requirement)</paragraph><paragraph>Eine wesentliche &Auml;nderung der Dicke weist darauf hin, da&szlig; wahrscheinlich bei einer der Messungen ein Schmieren vorlag. (SOLL: modality=undefined)</paragraph><paragraph>Bei allen Schichtdicken erh&ouml;hen sich die Me&szlig;fehler im allgemeinen mit kleinerer Vergr&ouml;&szlig;erung. (SOLL: modality=undefined)</paragraph><paragraph>Wenn m&ouml;glich, sollte die Vergr&ouml;&szlig;erung so gew&auml;hlt werden, da&szlig; das Gesichtsfeld dem 1,5- und 3fachen der Schichtdicke entspricht. (SOLL: modality=recommendation)</paragraph><paragraph>Jeder Kalibrierfehler des Objektstrichma&szlig;stabes beeinflu&szlig;t die Messung der Probe. (SOLL: modality=undefined)</paragraph><paragraph>Fehler von mehreren Prozent sind nicht unrealistisch, au&szlig;er wenn die Kalibrierung der Me&szlig;skala vom Hersteller vorgenommen oder bescheinigt wurde. (SOLL: modality=undefined)</paragraph><paragraph><emphasis style="marked">Testrequirementsene Skalenl&auml;nge korrekt ist, besteht eine normalerweise ausreichende Art der Kalibrierung darin, jede Unterteilung mit einem Objektstrichma&szlig;stab zu messen und durch einfache Proportionsrechnung zu &uuml;berpr&uuml;fen.</emphasis> (SOLL: modality=undefined)</paragraph><paragraph>Ein Me&szlig;okular ist im allgemeinen die beste M&ouml;glichkeit f&uuml;r die Messung der Probe. (SOLL: modality=undefined)</paragraph><paragraph>Die Messung wird nicht genauer als die Kalibrierung des Okulars sein. (SOLL: modality=undefined)</paragraph><paragraph>Da die Kalibrierung des Okulars bedienungsabh&auml;ngig ist, mu&szlig; das Okular von demjenigen kalibriert werden, der die Messung durchf&uuml;hrt. (SOLL: modality=requirement)</paragraph><paragraph>Wiederholte Kalibrierung des Me&szlig;okulars lassen eine Me&szlig;unsicherheit von weniger als 1 % erwarten. (SOLL: modality=undefined)</paragraph><paragraph>Der Abstand zwischen zwei Linien eines Objektstrichma&szlig;stabes, der f&uuml;r die Kalibrierung verwendet wird, mu&szlig; innerhalb von 2 &micro;m oder 1 %, je nachdem, welcher Wert gr&ouml;&szlig;er ist, liegen. (SOLL: modality=requirement)</paragraph><paragraph>Die Genauigkeit von manchen Objektstrichma&szlig;st&auml;ben wird vom Hersteller bescheinigt. (SOLL: modality=undefined)</paragraph><paragraph>Bei anderen Objektstrichma&szlig;st&auml;ben liegt der Fehler f&uuml;r einen Me&szlig;bereich von 2 mm bei 1 oder 2 &micro;m und bei Me&szlig;bereichen von 0,1 und 0,01 mm bei 0,4 &micro;m und mehr. (SOLL: modality=undefined)</paragraph><paragraph>Wenn die Genauigkeit eines Objektstrichma&szlig;stabes nicht kalibriert wurde, sollte es kalibriert werden.) (SOLL: modality=recommendation)</paragraph><paragraph>Manche Abbildung vom &quot;Splitting-Me&szlig;okula&quot; haben eine Nichtliniarit&auml;t, die f&uuml;r kurze Me&szlig;abst&auml;nde eine Me&szlig;unsicherheit bis zu 1 % ergeben. (SOLL: modality=undefined)</paragraph><paragraph>Fehler k&ouml;nnen durch den Toten Gang der Me&szlig;schraube des Me&szlig;okulars verursacht werden. (SOLL: modality=possibility)</paragraph><paragraph>Dies kann vermieden werden, wenn die letzte Drehrichtung der Me&szlig;schraube zum Messen eingehalten wird. (SOLL: modality=capability)</paragraph><paragraph>Da die Vergr&ouml;&szlig;erung nicht &uuml;ber das gesamte Sehfeld gleichm&auml;&szlig;ig ist, k&ouml;nnen Fehler auftreten, wenn die Kalibrierung und Messung, nicht im gleichen Teil des Sehfeldes durchgef&uuml;hrt wurden. (SOLL: modality=possibility)</paragraph><paragraph>Mangelnde Abbildungsch&auml;rfe tr&auml;gt zur Me&szlig;unsicherheit bei. (SOLL: modality=undefined)</paragraph><paragraph>Linsen geringer G&uuml;te k&ouml;nnen genaue Messungen ausschlie&szlig;en. (SOLL: modality=possibility)</paragraph><paragraph>Manchmal kann die Bildsch&auml;rfe durch monochromatisches Licht verbessert werden. (SOLL: modality=capability)</paragraph><paragraph>Die Ausrichtung der Me&szlig;linie vom Okular mu&szlig; rechtwinklig zur Schichtoberfl&auml;che des Querschliffs erfolgen, <emphasis style="marked">z. B.<emphasis style="bold"/></emphasis> 10 % Abweichung vom rechten Winkel ergibt einen Fehler von 1,5 %. (SOLL: modality=requirement)</paragraph><paragraph>Eine &Auml;nderung der Tubusl&auml;nge verursacht eine Abweichung der Vergr&ouml;&szlig;erung und, wenn diese &Auml;nderung zwischen Kalibrierung und Messung auftritt, eine fehlerhafte Messung. (SOLL: modality=undefined)</paragraph><paragraph>Eine &Auml;nderung der Tubusl&auml;nge kann auftreten, wenn ein Okular neu oder erneut eingesetzt oder der Brennpunkt des Okulars ver&auml;ndert wird und bei manchen Mikroskopen der Feineinstellung. (SOLL: modality=possibility)</paragraph><paragraph>Einfl&uuml;sse, die im Abschnitt 5 und Anhang A angegeben sind, m&uuml;ssen beachtet werden. (SOLL: modality=requirement)</paragraph><paragraph>Das Mikroskop und seine Me&szlig;einrichtungen sind mit einem bescheinigten oder geeichten Objektstrichma&szlig;stab zu kalibrieren. (SOLL: modality=requirement)</paragraph><paragraph>Die Breite der abgebildeten Schicht am Querschliff ist an mindestens f&uuml;nf gleichm&auml;&szlig;ig &uuml;ber die L&auml;nge des Schliffs verteilten Stellen zu messen. (SOLL: modality=requirement)</paragraph><paragraph>Das Mikroskop und die zugeh&ouml;rige Ausr&uuml;stung, deren Einsatz, deren Kalibrierung und das Verfahren der Querschliffherstellung m&uuml;ssen so gew&auml;hlt werden, da&szlig; eine Bestimmung der Schichtdicke innerhalb von 1 &micro;m oder 10 %, je nachdem, welcher Wert gr&ouml;&szlig;er ist, der wahren Schichtdicke m&ouml;glich ist. (SOLL: modality=requirement)</paragraph><paragraph>Unter g&uuml;nstigen Bedingungen liefert das Verfahren bei Verwendung eines Lichtmikroskops eine absolute Me&szlig;unsicherheit von 0,8 &micro;m. (SOLL: modality=undefinded)</paragraph><paragraph>F&uuml;r Schichtdicken &uuml;ber 25 &micro;m liegt eine angemessene Abweichung in der Gr&ouml;&szlig;enordnung von 5 % oder darunter. (SOLL: modality=undefinded)</paragraph><paragraph>Die Vorbereitung der Proben und das Messen der Schichtdicke h&auml;ngen weitgehend von den einzelnen Techniken ab, von denen eine Vielzahl geeigneter vorhanden sind. (SOLL: modality=undefined)</paragraph><paragraph>Es ist nicht sinnvoll, nur ein Verfahren festzulegen, und ebenso ist es unpraktisch, alle geeigneten Techniken aufzuf&uuml;hren. (SOLL: modality=undefined)</paragraph><paragraph>Die in diesem Anhang beschriebenen Verfahren <emphasis style="marked">sollen</emphasis> als Anleitung f&uuml;r Metallographen gedacht sein, die beim Schichtdickenmessen unerfahren sind. (SOLL: modality=ambiguity)</paragraph><paragraph>Um ein Abrunden der Kanten am Schichtquerschnitt zu verhindern, ist die Probe so einzubetten, da&szlig; kein Hohlraum zwischen Schicht und Einbettung vorliegt. (SOLL: modality=requirement (SOLL: modality=undefined))</paragraph><paragraph>Das wird im allgemeinen dadurch erreicht, da&szlig; die Probe mit einer mindestens 10 &micro;m dicken Metallschicht, die genauso hart ist wie die Schicht, versehen wird. (SOLL: modality=undefined)</paragraph><paragraph>Bei harten, spr&ouml;den Schichten (<emphasis style="marked">z. B.<emphasis style="bold"/></emphasis> Oxidschichten oder Chromschichten) hat sich ein festes Umh&uuml;llen mit weicher Aluminiumfolie vor dem Einspannen als vorteilhaft erwiesen. (SOLL: modality=undefined)</paragraph><paragraph>Bei weichen Schichten wird das Polieren durch Beschichten mit einem weicheren Metall schwieriger, da das weichere Metall schneller wegpoliert wird. (SOLL: modality=undefined)</paragraph><paragraph>Ein Aufbringen von Kupfer auf Cadmium oder Zink kann schwierig werden, weil das Kupfer dazu neigt, sich w&auml;hrend der nachfolgenden &Auml;tzung aufzul&ouml;sen und sich auf den Schichten abzulagern. (SOLL: modality=capability)</paragraph><paragraph>Es ist besser, Cadmium mit Zink und umgekehrt zu beschichten. (SOLL: modality=undefined)</paragraph><paragraph>Es ist wichtig, die Querschliffsoberfl&auml;che in einem Schliffhalter senkrecht zur Schicht zu halten. (SOLL: modality=requirement)</paragraph><paragraph>Das wird erleichtert, indem zus&auml;tzliche St&uuml;cke eines gleichartigen Metalls nahe an den R&auml;ndern des Schliffhalters eingespannt werden. (SOLL: modality=undefined)</paragraph><paragraph>Au&szlig;erdem <emphasis style="marked">soll</emphasis> regelm&auml;&szlig;ig die Schleifrichtung (durch Drehen um 90&deg;) ver&auml;ndert werden und die Schleifzeit und der Anpre&szlig;druck auf ein Minimum beschr&auml;nkt bleiben. (SOLL: modality=ambiguity)</paragraph><paragraph>Wenn vor dem Schleifen auf den Seiten des Schliffes Bezugsmarken eingeritzt werden, ist jede Abweichung von der Horizontalen leicht erkennbar. (SOLL: modality=undefined)</paragraph><paragraph>Die eingebetteten Proben sind mit geeignetem Schleifpapier unter Verwendung eines &uuml;blichen Schmiermittels wie <emphasis style="marked">z. B.<emphasis style="bold"/></emphasis> Wasser oder Testbenzin mit geringem Druck zu schleifen, um eine Abschr&auml;gung der Oberfl&auml;che zu vermeiden. (SOLL: modality=requirement)</paragraph><paragraph>Zum Schleifen ist anfangs ein Schleifpapier der K&ouml;rnung 100 oder 180 zu verwenden, um das wahre Probenprofil zu erhalten und das verformte Metall vollst&auml;ndig zu entfernen. (SOLL: modality=requirement)</paragraph><paragraph>Danach sind die K&ouml;rnungen 240, 320, 500 und 600 ohne &uuml;berschreiten der Schleifdauern von 30 bis 40 s f&uuml;r jedes Papier anzuwenden. (SOLL: modality=requirement)</paragraph><paragraph>Bei jedem Papierwechsel 9 ist die Schleifrichtung um 90&deg; zu &auml;ndern. (SOLL: modality=requirement)</paragraph><paragraph>Ein anschlie&szlig;endes Polieren von 2 bis 3 min auf einer rotierenden Polierscheibe, auf der sich Diamantpaste mit einer K&ouml;rnung von 4 bis 8 &micro;m und Schmiermittel mit Testbenzin befinden, reicht im allgemeinen aus, um die Schleifriefen f&uuml;r die abschlie&szlig;ende Untersuchung zu beseitigen. (SOLL: modality=undefined)</paragraph><paragraph>Wenn eine besonders hohe Oberfl&auml;cheng&uuml;te gefordert wird, kann eine zus&auml;tzliche Behandlung unter Verwendung einer Diamantpaste mit einer K&ouml;rnung von etwa 1 &micro;m angewandt werden. (SOLL: modality=capability)</paragraph><paragraph>Bei der Bearbeitung sehr weicher Werkstoffe k&ouml;nnen Schleifmittelteilchen beim Schleifen in den weichen Werkstoff eingedr&uuml;ckt werden. (SOLL: modality=possibility)</paragraph><paragraph>Das kann durch vollst&auml;ndiges Untertauchen des Schleifpapiers w&auml;hrend des Schleifens mit einem mit einem Schmiermittel oder durch einen reichlichen Schmiermittelzuflu&szlig; verringert werden. (SOLL: modality=capability)</paragraph><paragraph>Wenn Schleifmittelteilchen eingedr&uuml;ckt wurden, k&ouml;nnen sie durch kurzes, leichtes Polieren von Hand mit Metall-Poliermittel nach dem Schleifen und vor dem Polieren mit Diamantpaste oder durch ein- oder mehrere wechselweise aufeinanderfolgende &Auml;tz- und Polierzyklen beseitigt werden. (SOLL: modality=possibility)</paragraph><paragraph>Das &Auml;tzen ist normalerweise zweckm&auml;&szlig;ig, um einen Kontrast zwischen den Metallschichten zu bilden, um Spuren von verschmiertem Metall zu beseitigen oder um eine feine Grenzlinie der Schicht zu erreichen. (SOLL: modality=undefined)</paragraph><paragraph>Das Me&szlig;mittel kann ein Fadenkreuzokular oder ein Me&szlig;okular sein. (SOLL: modality=possibility)</paragraph><paragraph>Letzteres besitzt eine geringere Genauigkeit. Ein &quot;Splitting-Me&szlig;okula&quot; ist f&uuml;r d&uuml;nne Schichten auf rauhem Grundwerkstoff vorteilhaft. Das Messen des auf einer Mattscheibe dargestellten Bildes ist normalerweise weniger zufriedenstellend wegen der mangelnden Sch&auml;rfe des Bildes und der schlechten Ablesbarkeit des Me&szlig;stabes.</paragraph><paragraph>Das Me&szlig;mittel mu&szlig; mindestens einmal vor und einmal nach jeder Messung kalibriert werden, es sei denn, die Erfahrungen besagen etwas anderes. (SOLL: modality=requirement)</paragraph><paragraph>Kalibrierungen und Schichtdickenmessungen sollten beide von derselben Person ausgef&uuml;hrt werden. (SOLL: modality=recommendation)</paragraph><paragraph>Der Objektstrichma&szlig;stab und die Schicht sind auf die Mitte des Sehfeldes einzustellen, und an jeder Stelle sollte mindestens zweimal gemessen und daraus ein Mittelwert gebildet werden. (SOLL: modality=recommendation)</paragraph><paragraph>Bei kritischen Messungen und Schiedsmessungen <emphasis style="marked">sollen</emphasis> alle Arbeitsschritte zur Vorbereitung des Schliffes, vom Schleifen mit der K&ouml;rnung 600 oder gr&ouml;beren Schleifmitteln bis zur Schichtdickenmessung wenigstens zweimal durchgef&uuml;hrt werden. (SOLL: modality=ambiguity)</paragraph><paragraph>Bei geeigneten Techniken, guter Me&szlig;einrichtung, bei glatten Schichten und glatten Grundwerkstoffoberfl&auml;chen ist eine Wiederholpr&auml;zision innerhalb von 2 % oder 0,5 &micro;m, je nachdem welcher Wert gr&ouml;&szlig;er ist, &uuml;blich. (SOLL: modality=undefined)</paragraph><paragraph>Manche Mikroskope neigen zu einer Eigenbewegung des Objekttisches gegen&uuml;ber dem Objektiv, die infolge ungleichm&auml;&szlig;iger W&auml;rmewirkung der Lichtquelle beeinflu&szlig;t wird. (SOLL: modality=undefined)</paragraph><paragraph>Diese Eigenbewegung w&auml;hrend der Messung kann bei m&auml;&szlig;igen und hohen Vergr&ouml;&szlig;erungen ein fehlerhaftes Me&szlig;ergebnis verursachen. (SOLL: modality=undefined)</paragraph><paragraph>Dies kann durch schnelle Ausf&uuml;hrung der Messung und durch zweimaliges Messen jedes Abstandes, einmal von links nach rechts und das andere Mal umgekehrt, reduziert werden. (SOLL: modality=capability)</paragraph><paragraph>F&uuml;r den Ansatz der &Auml;tzl&ouml;sungen sollten Reagenzien mindestens dem Reinheitsgrad DAB 7 und destilliertes Wasser oder Wasser gleicher Reinheit verwendet werden. (SOLL: modality=recommendation)</paragraph><paragraph>WARNUNG: Bei einer Herstellung, Anwendung, Handhabung und Beseitigung dieser &Auml;tzl&ouml;sungen sind die einschl&auml;gigen Vorschriften, wie <emphasis style="marked">z. B.<emphasis style="bold"/></emphasis> Unfallverh&uuml;tungsvorschriften, die Arbeitsstoffverordnung usw. unter Beachtung der Gefahrenhinweise und Sicherheitsratschl&auml;ge der einzelnen Reagenzien einzuhalten. (SOLL: modality=requirement)</paragraph><paragraph>Die &Auml;tzl&ouml;sung ist frisch anzusetzten. (SOLL: modality=requirement)</paragraph><paragraph>Die &Auml;tzl&ouml;sung sollte frisch angesetzt werden. (SOLL: modality=recommendation)</paragraph></clause><clause id="sub-4.2" label="4.2" role="clause"><heading>NLP-Extraktor</heading><paragraph>Die Tragevorrichtung muss so konstruiert sein, dass beim Pr&uuml;fen in praktischen Leistungspr&uuml;fungen das Ger&auml;t ohne vermeidbare Komforteinschr&auml;nkung getragen werden kann, der Ger&auml;ttr&auml;ger keine Anzeichen &uuml;berm&auml;&szlig;iger Anstrengung erkennen l&auml;sst, die auf das Tragen des Ger&auml;tes zur&uuml;ckzuf&uuml;hren ist, und dass das Ger&auml;t den Ger&auml;ttr&auml;ger in geb&uuml;ckter Haltung oder bei Arbeiten in einem Raum mit eingeschr&auml;nktem Zugang oder begrenzter Bewegungsfreiheit so wenig wie m&ouml;glich behindert. [COMMENT: AGHE: &quot;zur&uuml;ckzuf&uuml;hren ist&quot; wurde als Anforderung erkannt] (SOLL: modality=requirement)</paragraph><paragraph>Die Freigabe von Produkten und Dienstleistungen zum Kunden darf erst nach zufriedenstellender Umsetzung der geplanten Vorkehrungen erfolgen, sofern nicht anderweitig von einer zust&auml;ndigen Stelle und, falls zutreffend, durch den Kunden genehmigt. [COMMENT: &quot;darf&quot; in Verbindung mit &quot;erst&quot; ist eine Anforderung] (SOLL: modality=permission)</paragraph><paragraph>L&auml;sst sich der richtige Sitz einer Dichtung nur nach dem Einbau feststellen, k&ouml;nnte der Abdruck durch Sichtpr&uuml;fung gepr&uuml;ft werden, <emphasis style="marked">z. B.<emphasis style="bold"/></emphasis> mit geeigneten Hilfsmitteln, wie <emphasis style="marked">z. B.<emphasis style="bold"/></emphasis> Kreide. [COMMENT: &quot;k&ouml;nnte&quot; keine zul&auml;ssige Verbform zur Formulierung von M&ouml;glichkeiten] (SOLL: modality=possibility)</paragraph><paragraph>Abh&auml;ngig von der Art und der Reproduzierbarkeit des Prozesses und der vergossenen Baugruppe k&ouml;nnte dies durch die Anwendung statistischer Verfahren erfolgen. [COMMENT: &quot;k&ouml;nnte&quot; keine zul&auml;ssige Verbform zur Formulierung von M&ouml;glichkeiten] (SOLL: modality=possibility)</paragraph><paragraph>L&auml;sst sich der richtige Sitz einer Dichtung nur nach dem Einbau feststellen, k&ouml;nnte der Abdruck durch Sichtpr&uuml;fung gepr&uuml;ft werden, z. B: mit geeigneten Hilfsmitteln, wie <emphasis style="marked">z. B.<emphasis style="bold"/></emphasis> Kreide. [COMMENT: &quot;k&ouml;nnte&quot; keine zul&auml;ssige Verbform zur Formulierung von M&ouml;glichkeiten] (SOLL: modality=possibility)</paragraph><paragraph>Die Organisation muss Steuerungsma&szlig;nahmen bestimmen, die f&uuml;r extern bereitgestellte Prozesse, Produkte und Dienstleistungen durchzuf&uuml;hren sind, wenn: Produkte und Dienstleistungen von externen Anbietern f&uuml;r die Integration in die organisationseigenen Produkte und Dienstleistungen vorgesehen sind. [COMMENT: Keine Anforderung des Dokuments] (SOLL: modality=requirement)</paragraph><paragraph>Je nach Art und Reproduzierbarkeit des Klebeprozesses und des verklebten Teils k&ouml;nnte dies <emphasis style="marked">z. B.<emphasis style="bold"/></emphasis> mit statistischen Verfahren erfolgen. [COMMENT: &quot;k&ouml;nnte&quot; keine zul&auml;ssige Verbform zur Formulierung von M&ouml;glichkeiten] (SOLL: modality=possibility)</paragraph><paragraph>wenn eine Bewertung des externen Anbieters stattfand und der dokumentierte objektive Nachweis ausdr&uuml;ckt, dass der externe Anbieter in der Lage ist, den Prozess, das Produkt oder die Dienstleistung vollst&auml;ndig herzustellen und zu &uuml;berpr&uuml;fen, ist keine weitere &Uuml;berpr&uuml;fung des Prozesses, des Produkts oder der Dienstleistung erforderlich, wenn eine Konformit&auml;tserkl&auml;rung mit jedem Los oder jedem Produkt mitgeliefert wird. [COMMENT: &quot;der Anbieter in der Lage ist, ... zu &uuml;berpr&uuml;fen&quot; ist keine Anforderung] (SOLL: modality=requirement)</paragraph><paragraph>Wenn eine Bewertung des externen Anbieters stattfand und der dokumentierte objektive Nachweis ausdr&uuml;ckt, dass der externe Anbieter in der Lage ist, den Prozess, das Produkt oder die Dienstleistung vollst&auml;ndig herzustellen und zu &uuml;berpr&uuml;fen, ist keine weitere &Uuml;berpr&uuml;fung des Prozesses, des Produkts oder der Dienstleistung erforderlich, wenn eine Konformit&auml;tserkl&auml;rung mit jedem Los oder jedem Produkt mitgeliefert wird. [COMMENT: &quot;der Anbieter in der Lage ist, ... herzustellen&quot; ist keine Anforderung] (SOLL: modality=requirement)</paragraph><paragraph>Die Organisation muss &Auml;nderungen der Produktion oder der Dienstleistungserbringung in einem Umfang &uuml;berpr&uuml;fen und steuern, der notwendig ist, um die Konformit&auml;t mit den Anforderungen aufrechtzuerhalten. [COMMENT: &quot;ist&quot; und Infinitiv mit &quot;zu&quot; falsch als zusammengeh&ouml;rig (und damit als Anforderung) erkannt] (SOLL: modality=requirement)</paragraph><paragraph>Je nach Art und Reproduzierbarkeit des Prozesses und der vergossenen Baugruppe k&ouml;nnte dies <emphasis style="marked">z. B.<emphasis style="bold"/></emphasis> mit statistischen Verfahren erfolgen. [COMMENT: &quot;k&ouml;nnte&quot; keine zul&auml;ssige Verbform zur Formulierung von M&ouml;glichkeiten] (SOLL: modality=possibility)</paragraph><paragraph>Best&auml;tigung, dass die Ger&auml;tepr&uuml;fung, die erforderlich ist, um zu best&auml;tigen, dass der Werkstoff mit dem Zertifikat oder der Zertifizierungszeichnung &uuml;bereinstimmt, wie gefordert wiederholt wird. [COMMENT: &quot;ist&quot; und Infinitiv mit &quot;zu&quot; falsch als zusammengeh&ouml;rig (und damit als Anforderung) erkannt] (SOLL: modality=requirement)</paragraph><paragraph>Best&auml;tigung, dass die Ger&auml;tepr&uuml;fung, die erforderlich ist, um zu best&auml;tigen, dass der Werkstoff mit dem Zertifikat oder der Zertifizierungszeichnung &uuml;bereinstimmt, wie gefordert wiederholt wird. [COMMENT: &quot;ist&quot;/&quot;sind&quot; und Infinitiv mit &quot;zu&quot; wird falsch als zusammengeh&ouml;rig und damit falsch als Anforderung erkannt] (SOLL: modality=requirement)</paragraph><paragraph>wann die &Uuml;berwachung und Messung durchzuf&uuml;hren sind. [COMMENT: &quot;ist&quot;/&quot;sind&quot; und Infinitiv mit &quot;zu&quot; wird falsch als zusammengeh&ouml;rig und damit falsch als Anforderung erkannt] (SOLL: modality=requirement)</paragraph><paragraph>wenn die die Z&uuml;ndschutzart bestimmenden Eigenschaften in einem sp&auml;teren Stadium nicht &uuml;berpr&uuml;ft werden k&ouml;nnen oder vom Hersteller nicht &uuml;berpr&uuml;ft werden, <emphasis style="marked">z. B.<emphasis style="bold"/></emphasis> bei vergossenen eigensicheren Schaltkreisen, d&uuml;rfen das Produkt, der Prozess oder die Dienstleistung nur durch eines der folgenden Verfahren anerkannt werden: &mldr; [COMMENT: &quot;darf&quot; in Verbindung mit &quot;nur&quot; ist eine Anforderung] (SOLL: modality=permission)</paragraph><paragraph>Sorgfalt ist erforderlich, um sicherzustellen, dass sich keine Hohlr&auml;ume durch Sch&uuml;tteln nach dem Bef&uuml;llen bilden. [COMMENT: Aussage ist nicht, dass &quot;Sorgfalt&quot; &quot;sicherzustellen&quot; ist.] (SOLL: modality=requirement)</paragraph><paragraph>Die Organisation muss Ergebnisse w&auml;hrend der Produktion und der Dienstleistungserbringung in dem Umfang erhalten, der notwendig ist, um die Konformit&auml;t mit den Anforderungen sicherzustellen. [COMMENT: Keine Anforderung des Dokuments &quot;ist&quot; und Infinitiv mit &quot;zu&quot; falsch als zusammengeh&ouml;rig (und damit als Anforderung) erkannt] (SOLL: modality=requirement)</paragraph><paragraph>Ist das Z&uuml;ndschutzsystem erst zur Montage w&auml;hrend der Installation beim Betreiber bestimmt, sollte die Betriebsanleitung gezielte Anleitung geben, wie diese Pr&uuml;fungen durchzuf&uuml;hren sind. [COMMENT: keine Anforderung des Dokuments] (SOLL: modality=requirement)</paragraph><paragraph>wenn die &Uuml;berpr&uuml;fung eines beschafften Produkts nicht nach der Herstellung durchgef&uuml;hrt werden kann, <emphasis style="marked">z. B.<emphasis style="bold"/></emphasis> bei vergossenen Teilen von eigensicheren Schaltkreisen, darf das Produkt nur angenommen werden, wenn es mit einer Konformit&auml;tserkl&auml;rung geliefert wird. [COMMENT: &quot;darf&quot; in Verbindung mit &quot;nur&quot; ist eine Anforderung] (SOLL: modality=permission)</paragraph><paragraph>Das dokumentierte Verfahren sollte mindestens die &Uuml;berpr&uuml;fung der Baugruppen mit typischen Bauteilen, wie in den Zertifizierungszeichnungen festgelegt, sicherstellen. [COMMENT: &quot;sollte&quot; bezieht sich auf &quot;sicherstellen&quot;, nicht &quot;festgelegt&quot;] (SOLL: modality=recommendation)</paragraph><paragraph>Die Konformit&auml;t mit dieser Internationalen Norm darf nur dann beansprucht werden, wenn die Anforderungen, die als nicht zutreffend bestimmt wurden, nicht die F&auml;higkeit oder die Verantwortung der Organisation beeintr&auml;chtigen, die Konformit&auml;t ihrer Produkte und Dienstleistungen sowie die Erh&ouml;hung der Kundenzufriedenheit sicherzustellen. [COMMENT: &quot;darf&quot; in Verbindung mit &quot;nur&quot; ist eine Anforderung] (SOLL: modality=permission)</paragraph><paragraph>Abh&auml;ngig von der Art und der Reproduzierbarkeit des Prozesses und der vergossenen Baugruppe k&ouml;nnte dies durch die Anwendung statistischer Verfahren erfolgen. [COMMENT: &quot;k&ouml;nnte&quot; keine zul&auml;ssige Verbform zur Formulierung von M&ouml;glichkeiten] (SOLL: modality=possibility)</paragraph><paragraph>Ex-Produkte d&uuml;rfen nur freigegeben werden, wenn die Abschlussinspektion und Pr&uuml;fung erfolgreich abgeschlossen wurden. [COMMENT: &quot;darf&quot; in Verbindung mit &quot;nur&quot; ist eine Anforderung] (SOLL: modality=permission)</paragraph><paragraph>Durch die Pr&uuml;fung <emphasis style="marked">soll</emphasis> festgestellt werden, ob das Geh&auml;use besch&auml;digt wird oder ob es eine bleibende Verformung erleidet. [COMMENT: &quot;soll&quot; entspricht nicht den zul&auml;ssigen Verbformen zur Formulierung von Festlegungen] (SOLL: modality=recommendation)</paragraph><paragraph>Die Organisation muss die eindeutige Kennzeichnung der Ergebnisse steuern, wenn R&uuml;ckverfolgbarkeit gefordert ist, und muss die dokumentierten Informationen aufbewahren, die notwendig sind, um eine R&uuml;ckverfolgbarkeit zu erm&ouml;glichen. [COMMENT: &quot;sind&quot; und Infinitiv mit &quot;zu&quot; falsch als zusammengeh&ouml;rig (und damit als Anforderung) erkannt] (SOLL: modality=requirement)</paragraph><paragraph>externe Anbieter, die ein Produkt, einen Prozess oder eine Dienstleistung bereitstellen, welche die &Uuml;bereinstimmung des Ex-Produkts mit dem Zertifikat beeintr&auml;chtigen kann, d&uuml;rfen nur ausgew&auml;hlt werden, nachdem eine Beurteilung den Nachweis erbracht hat, dass sie die F&auml;higkeit besitzen, die Konformit&auml;t mit allen festgelegten Anforderungen sicherzustellen. [COMMENT: &quot;darf&quot; in Verbindung mit &quot;nur&quot; ist eine Anforderung] (SOLL: modality=permission)</paragraph><paragraph>Risiken und Chancen, die w&auml;hrend der Planung bestimmt wurden, aktualisieren, falls erforderlich. [COMMENT: keine Anforderung] (SOLL: modality=requirement)</paragraph><paragraph>Eine gro&szlig;e Anzahl von Organisationen ist gezwungen, Daten &uuml;ber Zeitr&auml;ume aufzubewahren, die k&uuml;rzer als die bei herk&ouml;mmlichen Archiven sind. [COMMENT: AGHE: Meines Erachtens ist das gar keine Festlegung.] (SOLL: modality=requirement)</paragraph><paragraph>Die &auml;u&szlig;ere Bodenfl&auml;che des Dampfdruckkochtopfes darf keine konvexe Form annehmen. [COMMENT: AGHE: Anforderung?] (SOLL: modality=permission)</paragraph><paragraph>Oberfl&auml;chen d&uuml;rfen keine Besch&auml;digungen wie Blasen, Poren oder Risse haben, in denen sich Schmutz ansammeln kann. [COMMENT: AGHE: Anforderung?] (SOLL: modality=permission)</paragraph><paragraph>Die Teile des Dampfdruckkochtopfes d&uuml;rfen keine scharfen Kanten aufweisen, an denen sich der Benutzer verletzen kann. [COMMENT: AGHE: Anforderung?] (SOLL: modality=permission)</paragraph><paragraph>In keinem Fall darf der Druck, der erreichbar ist, wenn die Vorrichtung anspricht, kleiner als 4 kPa oder gr&ouml;&szlig;er als 150 kPa sein. [COMMENT: AGHE: Sonderregel n&ouml;tig f&uuml;r &quot;In keinem Fall&quot;?] (SOLL: modality=permission)</paragraph><paragraph>Diese m&uuml;ssen wie folgt angegeben werden:<unordered.list style="dash"><item label="&ndash;">Jeweiliges Ma&szlig; angeben (<emphasis style="marked">z. B.<emphasis style="bold"/></emphasis> Durchmesser).</item><item label="&ndash;">&quot;Grenzabma&szlig;e&quot; oder &quot;Toleranzklassen&quot; angeben.</item><item label="&ndash;">Ma&szlig;-Teilbereich angeben.</item><item label="&ndash;">Toleranzklasse nach EN 20286-2 oder Toleranz nach ISO 406 angeben. (SOLL: modality=requirement)</item></unordered.list></paragraph><paragraph>Dieses Dokument ist nicht auf Konstruktionen anzuwenden, in denen W&auml;lzk&ouml;rper direkt auf der Welle oder im Geh&auml;use laufen, es sei denn, die Lauffl&auml;che ist in jeder Beziehung der Lauffl&auml;che des Lagerringes gleichwertig, die sie ersetzt.###Comment: 2023-02-23 NGU: &uuml;bernommen von RSI (siehe. die Dokument-Annotation) (SOLL: modality=requirement)</paragraph><paragraph>Solche Spannungskonzentrationen sind <emphasis style="marked">z. B.<emphasis style="bold"/></emphasis> zu erwarten im Mittelpunkt von Nennber&uuml;hrungspunkten, an den Enden der Ber&uuml;hrungsfl&auml;chen bei Linienber&uuml;hrung, in Lagern, deren Rollen nicht genau gef&uuml;hrt werden, und in Lagern, deren Rollen l&auml;nger sind als der 2,5fache Rollendurchmesser. [COMMENT: 2023-02 NGU: &uuml;bernommen von RSI (s. Dokument-Annotation)] (SOLL: modality=requirement)</paragraph><paragraph>F&uuml;r die Fettschmierung ist die empfohlene Auswahl der Diagramme und Gleichungen f&uuml;r die verschiedenen Sauberkeitsklassen in Tabelle A.1 angegeben und die Auswahl darf nur nach dieser Tabelle vorgenommen werden. [COMMENT: &quot;darf&quot; in Verbindung mit &quot;nur&quot; (en: shall only) markiert eine Anforderung.] (SOLL: modality=permission)</paragraph><paragraph>Die Gef&auml;hrdungsanalyse und der Prozess der Risikoreduzierung an einer Maschine erfordert, dass Gef&auml;hrdungen durch eine Hierarchie von Ma&szlig;nahmen beseitigt oder reduziert werden:<unordered.list style="dash"><item label="&ndash;">Beseitigung von Gef&auml;hrdungen oder Risikominderung durch Konstruktion (siehe ISO 12100:2010, 6.2 )&semi;</item><item label="&ndash;">Risikominderung durch Schutzeinrichtungen und m&ouml;gliche erg&auml;nzende Schutzma&szlig;nahmen (siehe ISO 12100:2010, 6.3 )&semi;</item><item label="&ndash;">Risikominderung durch Bereitstellung einer Benutzerinformation &uuml;ber das Restrisiko (siehe ISO 12100:2010, 6.4 ).</item></unordered.list></paragraph><paragraph>Somit ist im Beispiel B eine Punktzahl von 85 ausreichend, um die Anforderungen gegen CCF zu erf&uuml;llen. [COMMENT: Keine Anforderung. Text ist hier rein informativ beschreibend.] (SOLL: modality=requirement)</paragraph><paragraph>Die Spezifikation der sicherheitsbezogenen Software muss &uuml;berpr&uuml;ft werden und jeder Person, die am Lebenszyklus beteiligt ist, verf&uuml;gbar sein und muss die Beschreibung enthalten von: Sicherheitsfunktionen mit erforderlichem PL und zugeh&ouml;rigen Betriebsarten, Leistungskriterien, <emphasis style="marked">z. B.<emphasis style="bold"/></emphasis> Reaktionszeiten, Hardwarearchitektur mit externen Signalschnittstellen, und Erkennung und Beherrschung externer Ausf&auml;lle. [COMMENT: Nicht erfasst wurde die Anforderung: &quot;... muss ... jeder Person, die ..., verf&uuml;gbar sein&quot;] (SOLL: modality=requirement)</paragraph><paragraph>die Umschaltung von Lokal- auf Hauptsteuerung darf keine Gef&auml;hrdungssituationen erzeugen. [COMMENT: Keine Zul&auml;ssigkeit. &quot;... darf keine ... erzeugen&quot; ist eine Anforderung.] (SOLL: modality=permission)</paragraph><paragraph>Die manuelle R&uuml;ckstellfunktion: muss durch ein getrenntes, manuell zu bedienendes Ger&auml;t in dem SRP/CS bereitgestellt werden, darf nur dann erreicht werden, wenn alle Sicherheitsfunktionen und Schutzeinrichtungen funktionsf&auml;hig sind, darf selbst keine Bewegung oder Gef&auml;hrdungssituation einleiten, muss eine beabsichtigte Handlung sein, muss der Steuerung erm&ouml;glichen, einen separaten Startbefehl anzunehmen, darf nur erfolgen durch das Loslassen des Bet&auml;tigungselements in seiner bet&auml;tigten Position. [COMMENT: Keine Zul&auml;ssigkeit. &quot;... darf ... keine ... einleiten&quot; ist eine Anforderung.] (SOLL: modality=permission)</paragraph><paragraph>F&uuml;r SRASW in Komponenten mit PL r von c bis e werden die folgenden zus&auml;tzlichen Ma&szlig;nahmen mit steigender Wirksamkeit erforderlich oder empfohlen. [COMMENT: Text ist sowohl Anforderung (... werden ... erforderlich) als auch Empfehlung (... werden ... empfohlen)] (SOLL: modality=recommendation)</paragraph><paragraph>Dieser Positionsschalter ist mit einem Hilfssch&uuml;tz K1B verbunden, der in der Lage ist, die Energiezufuhr zum Motor abzuschalten. [COMMENT: Keine Anforderung. Die erkannte Formulierung &quot;ist ... abzuschalten&quot; ist grammatikalisch und syntaktisch nicht miteinander verbunden.] (SOLL: modality=requirement)</paragraph><paragraph>Ist es <emphasis style="marked">z. B.<emphasis style="bold"/></emphasis> notwendig, im zyklischen Betrieb zwischen die Werkzeuge der Maschine zu greifen, um Werkst&uuml;cke zuzuf&uuml;hren oder zu bewegen, dann sollte F2 gew&auml;hlt werden. [COMMENT: Keine Anforderung. Satz ist eine Empfehlung (wegen: &quot;sollte ... gew&auml;hlt werden&quot;).] (SOLL: modality=requirement)</paragraph><paragraph>Die manuelle R&uuml;ckstellfunktion: muss durch ein getrenntes, manuell zu bedienendes Ger&auml;t in dem SRP/CS bereitgestellt werden, darf nur dann erreicht werden, wenn alle Sicherheitsfunktionen und Schutzeinrichtungen funktionsf&auml;hig sind, darf selbst keine Bewegung oder Gef&auml;hrdungssituation einleiten, muss eine beabsichtigte Handlung sein, muss der Steuerung erm&ouml;glichen, einen separaten Startbefehl anzunehmen, darf nur erfolgen durch das Loslassen des Bet&auml;tigungselements in seiner bet&auml;tigten Position. [COMMENT: Keine Zul&auml;ssigkeit. &quot;... darf nur erfolgen ... &quot; ist eine Anforderung.] (SOLL: modality=permission)</paragraph><paragraph>Die SRP/CS m&uuml;ssen mindestens in &Uuml;bereinstimmung mit den zutreffenden Normen gestaltet, gebaut, ausgew&auml;hlt, zusammengestellt und kombiniert sein und die grundlegenden Sicherheitsprinzipien f&uuml;r die bestimmte Anwendung nutzen, um Folgendem standzuhalten: den zu erwartenden Betriebsbeanspruchungen, <emphasis style="marked">z. B.<emphasis style="bold"/></emphasis> der Zuverl&auml;ssigkeit bez&uuml;glich des Schaltverm&ouml;gens und Schalth&auml;ufigkeit, dem Einfluss des bearbeiteten Materials, <emphasis style="marked">z. B.<emphasis style="bold"/></emphasis> dem Reinigungsmittel in einer Waschmaschine, und anderen relevanten &auml;u&szlig;eren Einfl&uuml;ssen, <emphasis style="marked">z. B.<emphasis style="bold"/></emphasis> mechanische Schwingungen, elektromagnetischen St&ouml;rungen, Unterbrechungen oder St&ouml;rungen der Energieversorgung. [COMMENT: Als Anforderung wurde in diesem Extrakt (und in denen dar&uuml;ber) nicht erfasst: &quot;... m&uuml;ssen ... die grundlegenden Sicherheitsprinzipien ... nutzen, um ...&quot;] (SOLL: modality=requirement)</paragraph><paragraph>Es darf keine logische Verkn&uuml;pfung von nicht sicherheitsbezogenen und sicherheitsbezogenen Daten geben, die zur Herabstufung der Integrit&auml;t der sicherheitsbezogenen Signale f&uuml;hren k&ouml;nnten, <emphasis style="marked">z. B.<emphasis style="bold"/></emphasis> Verkn&uuml;pfen eines sicherheitsbezogenen und eines nicht sicherheitsbezogenen Signals durch ein logisches &quot;ODER&quot;, dessen Ausgang sicherheitsbezogene Signale steuert. [COMMENT: Keine Zul&auml;ssigkeit. &quot;Es darf keine ... geben&quot; ist eine Anforderung.] (SOLL: modality=permission)</paragraph><paragraph>Wenn die PLC einen Ausfall des CC bemerkt, ist es m&ouml;glich, die Bewegung mit dem Freigabe-Signal anzuhalten und das Hilfssch&uuml;tz K1B abzuschalten. [COMMENT: Keine Anforderung. &quot;ist es m&ouml;glich ...&quot; stellt eine M&ouml;glichkeit dar.] (SOLL: modality=requirement)</paragraph><paragraph>Die folgenden Architekturen sind typisch, um die Anforderungen der zugeh&ouml;rigen Kategorie zu erf&uuml;llen. [COMMENT: Keine Anforderung: Die Einleitung mit &quot;... sind typisch, um ...&quot; beschreibt hier eine beispielhafte Nennung.] (SOLL: modality=requirement)</paragraph><paragraph>Ein Wiederanlauf darf nur dann automatisch erfolgen, wenn keine Gef&auml;hrdungssituation bestehen kann. [COMMENT: Keine Zul&auml;ssigkeit. &quot;... darf nur dann ... erfolgen&quot; ist eine Anforderung.] (SOLL: modality=permission)</paragraph><paragraph>Dieser Positionsschalter ist mit einem Hilfssch&uuml;tz K1B verbunden, der in der Lage ist, die Energiezufuhr zum Motor abzuschalten. [COMMENT: Keine Anforderung. Die Formulierung &quot;ist ... abzuschalten&quot; stellt hier keine Anforderung dar.] (SOLL: modality=requirement)</paragraph><paragraph>Jeder Test der Sicherheitsfunktion muss entweder den Betrieb zulassen, wenn keine Fehler erkannt wurden, oder eine Ausgabe f&uuml;r die Einleitung geeigneter Steuerungsma&szlig;nahmen erzeugen, wenn ein Fehler erkannt wurde. [COMMENT: Folgende Anforderung wurde nicht erfasst: &quot;... muss entweder ... oder eine Ausgabe ... erzeugen ...&quot;] (SOLL: modality=requirement)</paragraph><paragraph>Im zweiten Kanal, der elektronische Bauteile enth&auml;lt, ist ein zweiter Positionsschalter SW2 an eine speicherprogrammierbare Steuerung PLC angeschlossen, der den Stromrichter CC ansteuern kann, um die Energiezufuhr zum Motor auszuschalten. [COMMENT: Keine Anforderung. &quot;ist ... auszuschalten&quot; ist syntaktisch und grammatikalisch hier nicht zusammenh&auml;ngig.] (SOLL: modality=requirement)</paragraph><paragraph>Dies bedeutet f&uuml;r Kategorie 3 und 4 nicht notwendigerweise, dass alle Teile physikalisch redundant vorhanden sind, sondern dass redundante Mittel bereitstehen, um sicherzustellen, dass ein Fehler nicht zum Verlust der Sicherheitsfunktion f&uuml;hren kann. [COMMENT: Keine Anforderung, eher eine Zustandsbeschreibung.] (SOLL: modality=requirement)</paragraph><paragraph>Die Fehlerlisten sind nicht vollst&auml;ndig, und wenn notwendig, m&uuml;ssen weitere Fehler ber&uuml;cksichtigt und aufgez&auml;hlt werden. [COMMENT: Keine Zul&auml;ssigkeit. Der angegebene Text ist rein informativ und keine Festlegung.] (SOLL: modality=permission)</paragraph><paragraph>Der Positionsschalter ist mit einem Hilfssch&uuml;tz K1A verbunden, der in der Lage ist, die Energiezufuhr zum Motor auszuschalten. [COMMENT: Keine Anforderung. Die erkannte Formulierung &quot;ist ... auszuschalten&quot; ist grammatikalisch und syntaktisch nicht miteinander verbunden.] (SOLL: modality=requirement)</paragraph><paragraph>Es darf durch eine lokale Steuerungsfunktion nur in einem Bereich, der durch eine Risikobeurteilung definiert wurde, m&ouml;glich sein, Gef&auml;hrdungsbedingungen auszul&ouml;sen. [COMMENT: Keine Zul&auml;ssigkeit. &quot;es darf ... nur ... m&ouml;glich sein&quot; ist eine Anforderung.] (SOLL: modality=permission)</paragraph><paragraph>In den meisten F&auml;llen sind die entsprechenden Wahrscheinlichkeiten nicht bekannt oder schwer zu bestimmen. [COMMENT: Keine Anforderung. Die Formulierung &quot;sind ... schwer zu bestimmen&quot; stellt eine Zustandsbeschreibung dar, keine Anforderung.] (SOLL: modality=requirement)</paragraph><paragraph>SRP/CS der Kategorie 4 m&uuml;ssen so gestaltet werden, dass ein einzelner Fehler in jedem dieser sicherheitsbezogenen Teile nicht zum Verlust der Sicherheitsfunktion f&uuml;hrt, und der einzelne Fehler bei oder vor der n&auml;chsten Anforderung der Sicherheitsfunktion erkannt wird, <emphasis style="marked">z. B.<emphasis style="bold"/></emphasis> unmittelbar, beim Einschalten oder am Ende eines Maschinenzyklus, aber wenn diese Erkennung nicht m&ouml;glich ist, dann darf die Anh&auml;ufung von unerkannten Fehlern nicht zum Verlust der Sicherheitsfunktion f&uuml;hren. [COMMENT: Folgende Anforderung wurde nicht erfasst: ... m&uuml;ssen so gestaltet werden, dass ... der einzelne Fehler bei oder vor der n&auml;chsten Anforderung der Sicherheitsfunktion erkannt wird, ...] (SOLL: modality=requirement)</paragraph><paragraph>Hardwareeinheiten, die nur zur Diagnose verwendet werden und die Ausf&uuml;hrung der Sicherheitsfunktion in den verschiedenen Kan&auml;len nicht beeinflussen, wenn sie gef&auml;hrlich ausfallen, k&ouml;nnen von den Hardwareeinheiten getrennt werden, die notwendig sind, die Sicherheitsfunktion in den unterschiedlichen Kan&auml;len auszuf&uuml;hren. [COMMENT: Keine Anforderung. Satz dr&uuml;ckt eine M&ouml;glichkeit aus (&quot;k&ouml;nnen ... getrennt werden&quot;). Die Konstruktion mit &quot;zu + Infinitiv&quot; wird nicht als Anforderung eingesetzt.] (SOLL: modality=requirement)</paragraph><paragraph>Die manuelle R&uuml;ckstellfunktion: muss durch ein getrenntes, manuell zu bedienendes Ger&auml;t in dem SRP/CS bereitgestellt werden, darf nur dann erreicht werden, wenn alle Sicherheitsfunktionen und Schutzeinrichtungen funktionsf&auml;hig sind, darf selbst keine Bewegung oder Gef&auml;hrdungssituation einleiten, muss eine beabsichtigte Handlung sein, muss der Steuerung erm&ouml;glichen, einen separaten Startbefehl anzunehmen, darf nur erfolgen durch das Loslassen des Bet&auml;tigungselements in seiner bet&auml;tigten Position. [COMMENT: Keine Zul&auml;ssigkeit. &quot;... darf nur dann erreicht werden&quot; ist eine Anforderung.] (SOLL: modality=permission)</paragraph><paragraph>Ein allgemeing&uuml;ltiger Zeitraum, wann Parameter F1 oder wann F2 auszuw&auml;hlen ist, kann nicht festgelegt werden. [COMMENT: Keine Anforderung. Satz stellt eher eine M&ouml;glichkeit (&quot;kann nicht festgelegt werden&quot;) dar.] (SOLL: modality=requirement)</paragraph><paragraph>Der Positionsschalter ist mit einem Hilfssch&uuml;tz K1A verbunden, der in der Lage ist, die Energiezufuhr zum Motor auszuschalten. [COMMENT: Keine Anforderung. Die erkannte Formulierung &quot;ist ... auszuschalten&quot; ist grammatikalisch und syntaktisch nicht miteinander verbunden.] (SOLL: modality=requirement)</paragraph><paragraph>Das hier angegebene Verfahren stellt nur eine Einsch&auml;tzung der Risikominderung zur Verf&uuml;gung und ist als Anleitung f&uuml;r den Konstrukteur und Normensetzer vorgesehen, einen PL r f&uuml;r jede notwendige, durch ein SRP/CS auszuf&uuml;hrende Sicherheitsfunktion auszuw&auml;hlen.###Comment: Keine Anforderung. Hier wurde &quot;ist ... auszuw&auml;hlen&quot; als &quot;ist zu + Infinitiv&quot;-Konstruktion erkannt, was syntaktisch falsch ist.</paragraph><paragraph>Bei Pr&uuml;fmaschinen, die nicht die Dehngeschwindigkeit regeln k&ouml;nnen, darf das Verfahren A2 angewandt werden. [COMMENT: AGHE: F&uuml;r sich gesehen, m&uuml;sste das eine Zul&auml;ssigkeit sein, aber es geh&ouml;rt als Aufz&auml;hlung zum vorherigen Satz &quot;Die Pr&uuml;fgeschwindigkeit muss die folgenden Anforderungen erf&uuml;llen:&quot;] (SOLL: modality=requirement)</paragraph><paragraph>durchgef&uuml;hrt werden, ist die Temperatur aufzuzeichnen und anzugeben. [COMMENT: AGHE: Kontext unvollst&auml;ndig] (SOLL: modality=requirement)</paragraph><paragraph>Wenn nicht anders festgelegt, darf jede geeignete Pr&uuml;fgeschwindigkeit bis zu einer Spannung verwendet werden, die der H&auml;lfte der erwarteten Streckgrenze entspricht. [COMMENT: AGHE: F&uuml;r sich gesehen, m&uuml;sste das eine Zul&auml;ssigkeit sein, aber es geh&ouml;rt als Aufz&auml;hlung zum vorherigen Satz &quot;Die Pr&uuml;fgeschwindigkeit muss die folgenden Anforderungen erf&uuml;llen:&quot;] (SOLL: modality=requirement)</paragraph><paragraph>In diesem Bereich ist eine Regelung der Dehngeschwindigkeit mit einem an die Probe angesetzten Dehnungsaufnehmer nicht m&ouml;glich, da lokales Flie&szlig;en au&szlig;erhalb der Extensometer-Messl&auml;nge stattfinden kann. [COMMENT: AGHE: F&uuml;r sich gesehen ist es eigentlich gar keine Festlegung? Geh&ouml;rt aber zur Aufz&auml;hlung &quot;Die Pr&uuml;fgeschwindigkeit muss die folgenden Anforderungen erf&uuml;llen:&quot;] (SOLL: modality=possibility)</paragraph><paragraph>Die Pr&uuml;fgeschwindigkeit muss die folgenden Anforderungen erf&uuml;llen: &mldr; [COMMENT: AGHE: Macht alleinstehend keinen Sinn. S&auml;tze aus der Aufz&auml;hlung sind separat?] (SOLL: modality=requirement)</paragraph><paragraph>durchgef&uuml;hrt werden, ist die Temperatur aufzuzeichnen und anzugeben. [COMMENT: AGHE: Kontext unvollst&auml;ndig] (SOLL: modality=requirement)</paragraph><paragraph>Das Komitee darf Text aus den ISO/IEC-Dokumenten zu Konformit&auml;tsbewertungsverfahren w&ouml;rtlich &uuml;bernehmen, darf diese aber weder streichen, &auml;ndern oder interpretieren. (SOLL: modality=permission)</paragraph><paragraph>Beispiele d&uuml;rfen keine Anforderungen enthalten oder irgendwelche Informationen in Betracht ziehen, die f&uuml;r die Anwendung des Dokuments zwingend erforderlich sind, <emphasis style="marked">z. B.<emphasis style="bold"/></emphasis> Anleitungen, Empfehlungen oder Zul&auml;ssigkeiten. (SOLL: modality=permission)</paragraph><paragraph>Wenn es nicht m&ouml;glich ist, die erforderlichen Kenndaten festzulegen, darf der Werkstoff oder das Produkt detailliert angegeben werden. (SOLL: modality=requirement)</paragraph><paragraph>Anmerkungen d&uuml;rfen keine Anforderungen enthalten oder irgendwelche Informationen in Betracht ziehen, die f&uuml;r die Anwendung des Dokuments zwingend erforderlich sind, <emphasis style="marked">z. B.<emphasis style="bold"/></emphasis> Anleitungen, Empfehlungen oder Zul&auml;ssigkeiten. (SOLL: modality=permission)</paragraph><paragraph>Ist ein Pr&uuml;fverfahren auf zwei oder mehr Produktarten anwendbar oder ist die Anwendbarkeit zu vermuten, muss f&uuml;r das Pr&uuml;fverfahren ein eigenst&auml;ndiges Dokument erstellt werden, und in jedem Dokument, das ein entsprechendes Produkt behandelt, muss auf das Dokument f&uuml;r das Pr&uuml;fverfahren verwiesen werden. (SOLL: modality=requirement)</paragraph><paragraph>Beispiele brauchen keine &Uuml;berschrift zu haben, k&ouml;nnen jedoch, falls notwendig, in einem Abschnitt oder Unterabschnitt mit der &Uuml;berschrift &quot;Beispiel&quot; oder &quot;Beispiele&quot; aufgef&uuml;hrt werden. (SOLL: modality=requirement)</paragraph><paragraph>Informationen zur Anwendbarkeit dieser Verweisungen sind nicht im Abschnitt &quot;Normative Verweisungen&quot; zu finden, sondern an den Stellen im Dokument, wo sie zitiert werden. (SOLL: modality=requirement)</paragraph><paragraph>Fu&szlig;noten d&uuml;rfen keine Anforderungen enthalten oder irgendwelche Informationen in Betracht ziehen, die f&uuml;r die Anwendung eines Dokuments zwingend erforderlich sind, <emphasis style="marked">z. B.<emphasis style="bold"/></emphasis> Anleitungen, Empfehlungen oder Zul&auml;ssigkeiten. (SOLL: modality=permission)</paragraph><paragraph>Es darf lediglich das Verfahren angegeben werden, mit dem die Pr&uuml;fung durchzuf&uuml;hren ist, falls sie gefordert und auf sie verwiesen wird. (SOLL: modality=permission)</paragraph><paragraph>Das Komitee darf Text aus den ISO/IEC-Dokumenten zu Konformit&auml;tsbewertungsverfahren w&ouml;rtlich &uuml;bernehmen, darf diese aber weder streichen, &auml;ndern oder interpretieren. (SOLL: modality=permission)</paragraph><paragraph>Beispielsweise darf ein optionales Pr&uuml;fverfahren Anforderungen enthalten, aber es ist nicht notwendig, diese Anforderungen zu erf&uuml;llen, um die Einhaltung des Dokuments zu beanspruchen. (SOLL: modality=requirement)</paragraph><paragraph>Fotografien und andere Medien d&uuml;rfen verwendet werden, wenn die Darstellung des Sachverhaltes in Zeichnungen nicht m&ouml;glich ist. (SOLL: modality=requirement)</paragraph><paragraph>Wenn das Komitee zustimmt und dies vom ISO Technical Management Board oder dem IEC Standardization Management Board genehmigt wird, darf eine &Uuml;bergangsfrist angegeben werden, w&auml;hrend der die Anwendung der nicht zu bevorzugenden Werte zugelassen ist. (SOLL: modality=requirement)</paragraph><paragraph>Das Pyknometer 30 min neben der Waage stehen lassen, damit es die Temperatur des Pr&uuml;fraums erreicht, dann wiegen. (SOLL: modality=<emphasis style="marked">INSTRUCTION</emphasis>)</paragraph></clause></clause></body><index role="index"><heading>Stichwortverzeichnis</heading></index></tr>