{"worstMessageType":"Warning","reqIFToolID":"sts2reqif 3.0.31","harmonisation":"IDiS ReqIF interpretation for public standards 1.3","description":"The processing ended with warnings.","rating":"Success","details":["Warning: overlapping bounds for sentence annotations at XPath \/standard\/back\/app-group\/app[1]\/sec[2]\/sec[3]\/sec[2]\/p[3] (previous: 0-148 vs. current: 145-270), skipping annotation for 0-148","Warning: overlapping bounds for sentence annotations at XPath \/standard\/back\/app-group\/app[1]\/sec[4]\/sec[6]\/sec[1]\/p[5] (previous: 0-208 vs. current: 205-357), skipping annotation for 0-208","Warning: missing context ID, using document ID \"d2b38902\" instead @ \/standard[1]\/front[1]\/sec[1]\/p[1])","Warning: missing context ID, using document ID \"d2b38902\" instead @ \/standard[1]\/front[1]\/sec[1]\/p[2]\/bold[1])","Warning: missing context ID, using document ID \"d2b38902\" instead @ \/standard[1]\/front[1]\/sec[2]\/p[1])","Warning: missing context ID, using document ID \"d2b38902\" instead @ \/standard[1]\/front[1]\/sec[2]\/p[2])","Warning: missing context ID, using document ID \"d2b38902\" instead @ \/standard[1]\/front[1]\/sec[2]\/p[3])","Warning: missing context ID, using document ID \"d2b38902\" instead @ \/standard[1]\/front[1]\/sec[2]\/p[4])","Warning: missing context ID, using document ID \"d2b38902\" instead @ \/standard[1]\/front[1]\/sec[2]\/p[5])","Warning: missing context ID, using document ID \"d2b38902\" instead @ \/standard[1]\/front[1]\/sec[2]\/p[6])","Warning: missing context ID, using document ID \"d2b38902\" instead @ \/standard[1]\/front[1]\/sec[2]\/p[7]\/named-content[1])","Warning: missing context ID, using document ID \"d2b38902\" instead @ \/standard[1]\/front[1]\/sec[2]\/p[7])","Warning: missing context ID, using document ID \"d2b38902\" instead @ \/standard[1]\/front[1]\/sec[2]\/p[8]\/named-content[1])","Warning: missing context ID, using document ID \"d2b38902\" instead @ \/standard[1]\/front[1]\/sec[2]\/p[8])","Warning: missing context ID, using document ID \"d2b38902\" instead @ \/standard[1]\/front[1]\/sec[2]\/p[9]\/named-content[1])","Warning: missing context ID, using document ID \"d2b38902\" instead @ \/standard[1]\/front[1]\/sec[2]\/p[10]\/named-content[1])","Warning: missing context ID, using document ID \"d2b38902\" instead @ \/standard[1]\/front[1]\/sec[2]\/p[11]\/named-content[1])","Warning: missing context ID, using document ID \"d2b38902\" instead @ \/standard[1]\/front[1]\/sec[2]\/p[11])","Warning: missing context ID, using document ID \"d2b38902\" instead @ \/standard[1]\/front[1]\/sec[2]\/p[11])","Warning: missing context ID, using document ID \"d2b38902\" instead @ \/standard[1]\/front[1]\/sec[2]\/p[12]\/named-content[1])","Warning: missing context ID, using document ID \"d2b38902\" instead @ \/standard[1]\/front[1]\/sec[2]\/p[12])","Warning: missing context ID, using document ID \"d2b38902\" instead @ \/standard[1]\/front[1]\/sec[2]\/p[12])","Warning: missing context ID, using document ID \"d2b38902\" instead @ \/standard[1]\/front[1]\/sec[2]\/p[13]\/named-content[1])","Warning: missing context ID, using document ID \"d2b38902\" instead @ \/standard[1]\/front[1]\/sec[2]\/p[13])","Warning: missing context ID, using document ID \"d2b38902\" instead @ \/standard[1]\/front[1]\/sec[2]\/p[14]\/named-content[1])","Warning: missing context ID, using document ID \"d2b38902\" instead @ \/standard[1]\/front[1]\/sec[2]\/p[15]\/named-content[1])","Warning: missing context ID, using document ID \"d2b38902\" instead @ \/standard[1]\/front[1]\/sec[2]\/p[15])","Warning: missing context ID, using document ID \"d2b38902\" instead @ \/standard[1]\/front[1]\/sec[2]\/p[16]\/named-content[1])","Warning: missing context ID, using document ID \"d2b38902\" instead @ \/standard[1]\/front[1]\/sec[2]\/p[16])","Warning: missing context ID, using document ID \"d2b38902\" instead @ \/standard[1]\/front[1]\/sec[2]\/p[17]\/named-content[1])","Warning: missing context ID, using document ID \"d2b38902\" instead @ \/standard[1]\/front[1]\/sec[2]\/p[18]\/named-content[1])","Warning: missing context ID, using document ID \"d2b38902\" instead @ \/standard[1]\/front[1]\/sec[2]\/p[18])","Warning: missing context ID, using document ID \"d2b38902\" instead @ \/standard[1]\/front[1]\/sec[2]\/p[19]\/named-content[1])","Warning: missing context ID, using document ID \"d2b38902\" instead @ \/standard[1]\/front[1]\/sec[2]\/p[19])","Warning: missing context ID, using document ID \"d2b38902\" instead @ \/standard[1]\/front[1]\/sec[2]\/p[19])","Warning: missing context ID, using document ID \"d2b38902\" instead @ \/standard[1]\/front[1]\/sec[2]\/p[20]\/named-content[1])","Warning: missing context ID, using document ID \"d2b38902\" instead @ \/standard[1]\/front[1]\/sec[2]\/p[21]\/named-content[1])","Warning: missing context ID, using document ID \"d2b38902\" instead @ \/standard[1]\/front[1]\/sec[2]\/p[21])","Warning: missing context ID, using document ID \"d2b38902\" instead @ \/standard[1]\/front[1]\/sec[2]\/p[22]\/named-content[1])","Warning: missing context ID, using document ID \"d2b38902\" instead @ \/standard[1]\/front[1]\/sec[2]\/p[23]\/named-content[1])","Warning: missing context ID, using document ID \"d2b38902\" instead @ \/standard[1]\/front[1]\/sec[2]\/p[23])","Warning: missing context ID, using document ID \"d2b38902\" instead @ \/standard[1]\/front[1]\/sec[2]\/p[24]\/named-content[1])","Warning: missing context ID, using document ID \"d2b38902\" instead @ \/standard[1]\/front[1]\/sec[2]\/p[24])","Warning: missing context ID, using document ID \"d2b38902\" instead @ \/standard[1]\/front[1]\/sec[2]\/p[24])","Warning: missing context ID, using document ID \"d2b38902\" instead @ \/standard[1]\/front[1]\/sec[2]\/p[25]\/named-content[1])","Warning: missing context ID, using document ID \"d2b38902\" instead @ \/standard[1]\/front[1]\/sec[2]\/p[25])","Warning: missing context ID, using document ID \"d2b38902\" instead @ \/standard[1]\/front[1]\/sec[2]\/p[25])","Warning: missing context ID, using document ID \"d2b38902\" instead @ \/standard[1]\/front[1]\/sec[2]\/p[26]\/named-content[1])","Warning: missing context ID, using document ID \"d2b38902\" instead @ \/standard[1]\/front[1]\/sec[2]\/p[26])","Warning: missing context ID, using document ID \"d2b38902\" instead @ \/standard[1]\/front[1]\/sec[2]\/p[27]\/named-content[1])","Warning: missing context ID, using document ID \"d2b38902\" instead @ \/standard[1]\/front[1]\/sec[2]\/p[27])","Warning: missing context ID, using document ID \"d2b38902\" instead @ \/standard[1]\/front[1]\/sec[2]\/p[28]\/named-content[1])","Warning: missing context ID, using document ID \"d2b38902\" instead @ \/standard[1]\/front[1]\/sec[2]\/p[28])","Warning: missing context ID, using document ID \"d2b38902\" instead @ \/standard[1]\/front[1]\/sec[2]\/p[29]\/named-content[1])","Warning: missing context ID, using document ID \"d2b38902\" instead @ \/standard[1]\/front[1]\/sec[2]\/p[29])","Warning: missing context ID, using document ID \"d2b38902\" instead @ \/standard[1]\/front[1]\/sec[2]\/p[30]\/named-content[1])","Warning: missing context ID, using document ID \"d2b38902\" instead @ \/standard[1]\/front[1]\/sec[2]\/p[30])","Warning: missing context ID, using document ID \"d2b38902\" instead @ \/standard[1]\/front[1]\/sec[2]\/p[30])","Warning: missing context ID, using document ID \"d2b38902\" instead @ \/standard[1]\/front[1]\/sec[2]\/p[31]\/named-content[1])","Warning: missing context ID, using document ID \"d2b38902\" instead @ \/standard[1]\/front[1]\/sec[2]\/p[32]\/named-content[1])","Warning: missing context ID, using document ID \"d2b38902\" instead @ \/standard[1]\/front[1]\/sec[2]\/p[32])","Warning: missing context ID, using document ID \"d2b38902\" instead @ \/standard[1]\/front[1]\/sec[2]\/p[33]\/named-content[1])","Warning: missing context ID, using document ID \"d2b38902\" instead @ \/standard[1]\/front[1]\/sec[2]\/p[33])","Warning: missing context ID, using document ID \"d2b38902\" instead @ \/standard[1]\/front[1]\/sec[2]\/p[34]\/named-content[1])","Warning: missing context ID, using document ID \"d2b38902\" instead @ \/standard[1]\/front[1]\/sec[2]\/p[34])","Warning: missing context ID, using document ID \"d2b38902\" instead @ \/standard[1]\/front[1]\/sec[2]\/p[35]\/named-content[1])","Warning: missing context ID, using document ID \"d2b38902\" instead @ \/standard[1]\/front[1]\/sec[2]\/p[36]\/named-content[1])","Warning: missing context ID, using document ID \"d2b38902\" instead @ \/standard[1]\/front[1]\/sec[2]\/p[37])","Warning: missing block <p> after requirements extraction: \/standard[1]\/front[1]\/std-meta[1]\/meta-note[1]\/p[1]","Warning: missing block <table-wrap content-type=\"tabular.form\" orientation=\"portrait\"> after requirements extraction: \/standard[1]\/body[1]\/sig[1]\/table-wrap[1]","Warning: cannot process MathML attribute \"linethickness\" of <mfrac>","Warning: cannot process MathML attribute \"linethickness\" of <mfrac>","Warning: cannot process MathML attribute \"linethickness\" of <mfrac>","Warning: cannot process MathML attribute \"linethickness\" of <mfrac>","Warning: cannot process MathML attribute \"linethickness\" of <mfrac>","Warning: cannot process MathML attribute \"linethickness\" of <mfrac>","Warning: cannot process MathML attribute \"linethickness\" of <mfrac>","Warning: cannot process MathML attribute \"linethickness\" of <mfrac>"]}