<?xml version="1.0" encoding="UTF-8"?>
<!DOCTYPE standard
  PUBLIC "-//NISO//DTD NISO STS Interchange Tag Set (NISO STS) DTD with MathML 3.0 v1.0 20171031//EN" "NISO-STS-interchange-1-mathml3.dtd">
<standard xmlns:mml="http://www.w3.org/1998/Math/MathML" xmlns:tbx="urn:iso:std:iso:30042:ed-1" xmlns:xlink="http://www.w3.org/1999/xlink" xml:lang="en"><front><std-meta id="profile.nat"><title-wrap xml:lang="de"><intro>Benchmark für die Satzerkennung und Modalitätsbewertung</intro><main>Testrequirements</main><full>Benchmark für die Satzerkennung und Modalitätsbewertung — Testrequirements</full></title-wrap><title-wrap xml:lang="en"><intro>Benchmark for sentence recognition and modality determination</intro><main>Testrequirements</main><full>Benchmark for sentence recognition and modality determination — Testrequirements</full></title-wrap><title-wrap xml:lang="fr"><intro>Critère de référence pour la la reconnaissance des phrases et détermination de la modalité</intro><main>Testrequirements</main><full>Critère de référence pour la la reconnaissance des phrases et détermination de la modalité — Testrequirements</full></title-wrap><release-version>n</release-version><std-ident><originator>DINDKE</originator><doc-type>st</doc-type><doc-number>20240119</doc-number><edition/><version/><std-id-group><std-id std-id-type="dated" std-id-link-type="internal-pub-id" specific-use="xmlkey">e0000000</std-id></std-id-group></std-ident><content-language>en</content-language><std-ref type="undated">Testrequirements 20240119</std-ref><std-ref type="dated">Testrequirements 20240119:2025-02-13</std-ref><doc-ref>Testrequirements 20240119</doc-ref><release-date>2025-02-13</release-date><comm-ref>Consortium of the DIN DKE SPEC 99200:2025-03</comm-ref><permissions><copyright-statement>© DIN Deutsches Institut für Normung e. V. (German Institute for Standardization) is the owner of all exclusive rights worldwide — all rights of exploitation, irrespective of the form and procedure — are worldwide reserved for DIN e. V. VDE holds all non-exclusive rights of exploitation.</copyright-statement><copyright-year>2025</copyright-year><copyright-holder>DIN/DKE</copyright-holder></permissions><custom-meta-group><custom-meta><meta-name>beuth-tr-role</meta-name><meta-value>standard.din</meta-value></custom-meta><custom-meta><meta-name>price</meta-name><meta-value>00</meta-value></custom-meta><custom-meta><meta-name>sales.number</meta-name><meta-value>0000</meta-value></custom-meta><custom-meta xml:lang="en"><meta-name>supply</meta-name><meta-value>DIN Media GmbH • Berlin • Wien • Zürich</meta-value></custom-meta><custom-meta><meta-name>erfasst</meta-name><meta-value>wer</meta-value></custom-meta><custom-meta><meta-name>gelesen</meta-name><meta-value>wer</meta-value></custom-meta><custom-meta><meta-name>geprueft</meta-name><meta-value>wer</meta-value></custom-meta><custom-meta><meta-name>locale.decsep</meta-name><meta-value>comma</meta-value></custom-meta><custom-meta><meta-name>locale.diggrp</meta-name><meta-value>puncsp</meta-value></custom-meta><custom-meta><meta-name>qualitaet</meta-name><meta-value>1</meta-value></custom-meta><custom-meta><meta-name>xhtml.css</meta-name><meta-value>tr.css</meta-value></custom-meta><custom-meta><meta-name>xhtml.level.mobile</meta-name><meta-value>6</meta-value></custom-meta><custom-meta><meta-name>xhtml.level.online</meta-name><meta-value>1</meta-value></custom-meta><custom-meta><meta-name>tr3k2sts.revision</meta-name><meta-value>rUNKNOWN</meta-value></custom-meta><custom-meta><meta-name>tr3k2sts.generation.date</meta-name><meta-value>2025-02-21T14:23:48Z</meta-value></custom-meta></custom-meta-group></std-meta><sec specific-use="contents"><title>Contents</title></sec></front><body><sec id="sub-1" sec-type="scope"><label>1</label><title>Scope</title><p>This document is a benchmark for sentence recognition and modality determination according with <std>DIN DKE SPEC 99200</std> <xref ref-type="bibr" rid="bib-bibliography.nat-1">[1]</xref>.</p></sec><sec id="sub-2" sec-type="clause"><label>2</label><title>Fragmentation options (<std>DIN DKE SPEC 99200, 9.4.1</std>)</title><sec id="sub-2.1" sec-type="clause"><label>2.1</label><title>Division-wise fragmentation (unused): The whole enumeration shall be treated as one SpecObject.</title><p>The thread outer diameter shall be <inline-formula><mml:math id="mml_m1"><mml:msub><mml:mi>d</mml:mi><mml:mn>1</mml:mn></mml:msub><mml:mspace width="thickmathspace"/><mml:mo>=</mml:mo><mml:mspace width="thickmathspace"/><mml:mn>4</mml:mn><mml:mspace width="thickmathspace"/><mml:mtext>mm</mml:mtext></mml:math></inline-formula>.</p><p>The shaft length shall be <inline-formula><mml:math id="mml_m2"><mml:mi>L</mml:mi><mml:mspace width="thickmathspace"/><mml:mo>=</mml:mo><mml:mspace width="thickmathspace"/><mml:mn>16</mml:mn><mml:mspace width="thickmathspace"/><mml:mtext>mm</mml:mtext></mml:math></inline-formula>.</p><p>The thread shall be metric fine.</p><p>The screw should be corrosion resistant.</p><p>The screw may be made of aluminum, brass or steel.</p></sec><sec id="sub-2.2" sec-type="clause"><label>2.2</label><title>Paragraph-wise fragmentation (unused): Each paragraph shall be treated as one SpecObject.</title><p>The thread outer diameter shall be <inline-formula><mml:math id="mml_m3"><mml:msub><mml:mi>d</mml:mi><mml:mn>1</mml:mn></mml:msub><mml:mspace width="thickmathspace"/><mml:mo>=</mml:mo><mml:mspace width="thickmathspace"/><mml:mn>4</mml:mn><mml:mspace width="thickmathspace"/><mml:mtext>mm</mml:mtext></mml:math></inline-formula>.</p><p>The shaft length shall be <inline-formula><mml:math id="mml_m4"><mml:mi>L</mml:mi><mml:mspace width="thickmathspace"/><mml:mo>=</mml:mo><mml:mspace width="thickmathspace"/><mml:mn>16</mml:mn><mml:mspace width="thickmathspace"/><mml:mtext>mm</mml:mtext></mml:math></inline-formula>.</p><p>The thread shall be metric fine.</p><p>The screw should be corrosion resistant.</p><p>The screw may be made of aluminum, brass or steel.</p></sec><sec id="sub-2.3" sec-type="clause"><label>2.3</label><title>Sentence-wise fragmentation (harmonized standard method): Each sentence shall be treated as one SpecObject.</title><p>The thread outer diameter shall be <inline-formula><mml:math id="mml_m5"><mml:msub><mml:mi>d</mml:mi><mml:mn>1</mml:mn></mml:msub><mml:mspace width="thickmathspace"/><mml:mo>=</mml:mo><mml:mspace width="thickmathspace"/><mml:mn>4</mml:mn><mml:mspace width="thickmathspace"/><mml:mtext>mm</mml:mtext></mml:math></inline-formula>.</p><p>The shaft length shall be <inline-formula><mml:math id="mml_m6"><mml:mi>L</mml:mi><mml:mspace width="thickmathspace"/><mml:mo>=</mml:mo><mml:mspace width="thickmathspace"/><mml:mn>16</mml:mn><mml:mspace width="thickmathspace"/><mml:mtext>mm</mml:mtext></mml:math></inline-formula>.</p><p>The thread shall be metric fine.</p><p>The screw should be corrosion resistant.</p><p>The screw may be made of aluminum, brass or steel.</p></sec></sec><sec id="sub-3" sec-type="clause"><label>3</label><title>Sentence determination (<std>DIN DKE SPEC 99200, 9.4.2</std>)</title><sec id="sub-3.1" sec-type="clause"><label>3.1</label><title>Sentence determination: The sentence shall be recognized without terminating at the period after the abbreviation “etc.”.</title><p>Apples, pears, plums etc. are all fruits.</p></sec><sec id="sub-3.2" sec-type="clause"><label>3.2</label><title>Sentence determination: The first sentence shall be recognized terminating at the period after the abbreviation “etc.”, separating the first sentence from the second sentence.</title><p>Fruits are apples, pears, plums, etc. Everything else are vegetables.</p></sec><sec id="sub-3.3" sec-type="clause"><label>3.3</label><title>Sentence determination: The sentence shall be recognized without terminating at the period after the abbreviation “Corp.”.</title><p>The stakeholders are founding a Corp. and not an Inc.</p></sec><sec id="sub-3.4" sec-type="clause"><label>3.4</label><title>Sentence determination: The sentence shall be recognized without terminating at the period after the abbreviation “Inc.”.</title><p>The stakeholders are founding an Inc., but we need at least seven founding members.</p></sec><sec id="sub-3.5" sec-type="clause"><label>3.5</label><title>Sentence determination: The first sentence shall be recognized terminating at the period after the abbreviation “Inc.”, separating the first sentence from the second sentence.</title><p>The stakeholders are founding an Inc. However, they need at least seven founding members.</p></sec><sec id="sub-3.6" sec-type="clause"><label>3.6</label><title>Sentence determination: The first sentence shall be recognized not terminating at the period used at decimal separator.</title><p>The users should ignore values below 4.1 °C in the measurements. Higher values shall be evaluated according with the standard procedure.</p></sec><sec id="sub-3.7" sec-type="clause"><label>3.7</label><title>Sentence determination: The first sentence shall be recognized not terminating at the period used within technical notations.</title><p>If the router is set to the default gateway, the users can visit http://192.168.0.1 to access it. Otherwise the customized gateway can be visited.</p></sec><sec id="sub-3.8" sec-type="clause"><label>3.8</label><title>Sentence determination: The sentences shall be recognized correctly regardless of intermediate or variant sentence signs.</title><p>The user shall perform all steps of the test procedure! The user should document the results of each step in text form.</p><p>The user shall perform all steps of the test procedure. The user should document the results of each step in text form.</p><p>The user shall perform all steps of the test procedure: hardware test, software test, usability test. The user should document the results of each step in text form.</p><p>The user shall perform all steps of the test procedure; hardware test, software test, usability test. The user should document the results of each step in text form.</p><p>Checklist: Can the user assign the test execution to an internal entity? Can the user assign the test execution to an external partner.</p></sec><sec id="sub-3.9" sec-type="clause"><label>3.9</label><title>Atomic element: Terminological entry according with <std>ISO 10241-1</std> shall not be split into sentences.</title><term-sec id="sub-3.9.1" sec-type="concept"><label>3.9.1</label><tbx:termEntry id="term_3.9.1"><tbx:langSet xml:lang="en"><tbx:definition>file format for the exchange requirements, including its associated metadata, between software tools from different vendors</tbx:definition><tbx:note id="not-3.8.1-1">NOTE 1 ReqIF™ is a trademark of the Object Management Group, Inc.</tbx:note><tbx:note id="not-3.8.1-2">NOTE 2 Requirements Interchange Format™ is a trademark of the Object Management Group, Inc.</tbx:note><tbx:tig><tbx:term>ReqIF™</tbx:term><tbx:normativeAuthorization value="preferredTerm"/></tbx:tig><tbx:tig><tbx:term>Requirements Interchange Format™</tbx:term><tbx:normativeAuthorization value="admittedTerm"/></tbx:tig></tbx:langSet></tbx:termEntry></term-sec></sec><sec id="sub-3.10" sec-type="clause"><label>3.10</label><title>Atomic element: Designation system shall not be split into sentences.</title><p content-type="standard.designation">ScrewISO1580 - M5x20 - 4,8</p><p content-type="ordering.details">1000 ScrewISO1580 - M5x20 - 4,8 - Box100</p></sec><sec id="sub-3.11" sec-type="clause"><label>3.11</label><title>Atomic element: Listed expression and description pairs shall not be split into sentences.</title><p><def-list specific-use="descriptive.list none"><def-item><term><inline-formula><mml:math id="mml_m7"><mml:mi>a</mml:mi></mml:math></inline-formula></term><def><p>Mass fractions of the sample required for the adjustment according with <xref ref-type="other">8.5.2</xref>.</p></def></def-item><def-item><term><inline-formula><mml:math id="mml_m8"><mml:mi>b</mml:mi></mml:math></inline-formula></term><def><p>Mass fractions of the agreed reference pigment.</p></def></def-item></def-list></p></sec><sec id="sub-3.12" sec-type="clause"><label>3.12</label><title>Atomic element: Listed expression and description pairs shall not be split into sentences.</title><p>see <xref ref-type="sec" rid="sub-bibliography.nat">Bibliography</xref></p></sec><sec id="sub-3.13" sec-type="clause"><label>3.13</label><title>Atomic element: Listings shall not be split into sentences.</title><preformat>
&lt;THE-VALUE&gt;
 &lt;xhtml:div&gt;
  &lt;xhtml:p xml:lang="en"&gt;
   &lt;xhtml:object data="formulas/42.mml" type="application/mathml-presentation+xml"&gt;
    &lt;xhtml:object data="formulas/42.png" type="image/png"&gt;Formula missing!&lt;/xhtml:object&gt;
   &lt;/xhtml:object&gt;
  &lt;/xhtml:p&gt;
 &lt;/xhtml:div&gt;
&lt;/THE-VALUE&gt;
</preformat></sec><sec id="sub-3.14" sec-type="clause"><label>3.14</label><title>Terminating element: Atomic elements shall be terminated by figures.</title><p>see <xref ref-type="sec" rid="sub-3.9 sub-3.10 sub-3.11 sub-3.12 sub-3.13">3.9 bis 3.13</xref></p></sec><sec id="sub-3.15" sec-type="clause"><label>3.15</label><title>Terminating element: Sentences shall be terminated by figures.</title><p>States and risks on a on the drilling machine shall be in accordance with <xref ref-type="fig" rid="fig-1">Figure 1</xref>.</p><fig id="fig-1" orientation="portrait"><label>Figure 1</label><caption><title>Example of safeguarding a drilling machine with interlocking guards with guard locking and fixed guards</title><p content-type="units">Maße in Millimeter</p></caption><normative-note content-type="legend"><!--NISO STS 1.0 placeholder for the legend element--><title>Legende</title><def-list specific-use="expression"><def-item><term id="fig-1-ite-1"><named-content content-type="label">1</named-content>1</term><def><p>Interlocking guard in open position</p></def></def-item><def-item><term id="fig-1-ite-2"><named-content content-type="label">2</named-content>2</term><def><p>Example of a guard with guard locking</p></def></def-item></def-list></normative-note><graphic xlink:href="x0000000.fig-1"><object-id pub-id-type="fpi">+//ISO 9070/RA::A00007::GE::DIN German Institute for Standardization::Regulations//NONSGML Testrequirements 20240119:2025-02-13::Figure 1//EN</object-id><object-id pub-id-type="publisher-id">fig-1</object-id></graphic></fig></sec><sec id="sub-3.16" sec-type="clause"><label>3.16</label><title>Terminating element: Sentences shall be terminated by examples.</title><p>Animals starting with the letter “g” may be found in the TEXbook.</p><non-normative-example id="xmp-3.14-1"><label>EXAMPLE 1</label><p><list list-type="dash" specific-use="unordered.list dash"><list-item><label>–</label><p>gnat,</p></list-item><list-item><label>–</label><p>gnu.</p></list-item></list></p></non-normative-example><non-normative-example id="xmp-3.14-2"><label>EXAMPLE 2</label><p>gnat, gnut are not part of this element</p></non-normative-example><p><list list-type="dash" specific-use="unordered.list dash"><list-item><label>–</label><p>gnat,</p></list-item><list-item><label>–</label><p>gnu.</p></list-item></list></p></sec><sec id="sub-3.17" sec-type="clause"><label>3.17</label><title>Terminating element: Sentences shall be terminated by footnotes and by notes.</title><p>Animals starting with the letter “g” may be noted.</p><non-normative-note id="not-3.15-1"><label>NOTE 1</label><p><list list-type="dash" specific-use="unordered.list dash"><list-item><label>–</label><p>gnat<xref ref-type="fn" rid="foo-1"><sup>1</sup></xref>,</p></list-item><list-item><label>–</label><p>gnu<xref ref-type="fn" rid="foo-2"><sup>2</sup></xref>.</p></list-item></list></p></non-normative-note><non-normative-note id="not-3.15-2"><label>NOTE 2</label><p>gnat, gnut are not part of this element</p></non-normative-note><p><list list-type="dash" specific-use="unordered.list dash"><list-item><label>–</label><p>gnat,</p></list-item><list-item><label>–</label><p>gnu.</p></list-item></list></p><fn-group specific-use="b"><fn id="foo-1"><label>1</label><p>small animal</p></fn><fn id="foo-2"><label>2</label><p>large animal</p></fn></fn-group></sec><sec id="sub-3.18" sec-type="clause"><label>3.18</label><title>Terminating element: Sentences shall be terminated by tables.</title><p>States and risks on a on the drilling machine shall be in accordance with <xref ref-type="table" rid="tab-1">Table 1</xref>.</p><table-wrap id="tab-1" orientation="portrait"><label>Table 1</label><caption><title>States and risks on a on the drilling machine</title></caption><table rules="all" frame="border"><col char="" charoff="50" span="1" width="8.530cm"/><col char="" charoff="50" span="1" width="8.530cm"/><thead char="" charoff="50"><tr><th content-type="rowsep colsep" align="center" char="" charoff="50" colspan="1" rowspan="1" valign="middle">State</th><th content-type="rowsep colsep" align="center" char="" charoff="50" colspan="1" rowspan="1" valign="middle">Risk</th></tr></thead><tbody char="" charoff="50"><tr><td content-type="rowsep colsep" align="center" char="" charoff="50" colspan="1" rowspan="1" valign="top">open</td><td content-type="rowsep colsep" align="left" char="" charoff="50" colspan="1" rowspan="1" valign="top">injuries on the drilling machine are possible</td></tr><tr><td content-type="rowsep colsep" align="center" char="" charoff="50" colspan="1" rowspan="1" valign="top">closed</td><td content-type="rowsep colsep" align="left" char="" charoff="50" colspan="1" rowspan="1" valign="top">injuries on the drilling machine are nearly impossible</td></tr></tbody></table></table-wrap></sec><sec id="sub-3.19" sec-type="clause"><label>3.19</label><title>Terminating element: Sentences shall be terminated by warnings.</title><p>Animals starting with the letter “g” should be avoided.<non-normative-note content-type="warning"><label>WARNING</label><p/></non-normative-note><list list-type="dash" specific-use="unordered.list dash"><list-item><label>–</label><p>gnat,</p></list-item><list-item><label>–</label><p>gnu.</p></list-item></list><non-normative-note content-type="warning"><label>WARNING</label><p>gnat, gnut are not part of this element</p></non-normative-note><list list-type="dash" specific-use="unordered.list dash"><list-item><label>–</label><p>gnat,</p></list-item><list-item><label>–</label><p>gnu.</p></list-item></list></p></sec><sec id="sub-3.20" sec-type="clause"><label>3.20</label><title>Enumeration (list): The paragraph and the whole enumeration shall be treated as one SpecObject.</title><p>The test report shall include the following information:<list list-type="alpha-lower" specific-use="ordered.list alphabetic"><list-item><label>a</label><p>the sample location on the sample piece from which the microsection was made;</p></list-item><list-item><label>b</label><p>the coating thickness measured at each location (<xref ref-type="other">7.3</xref>) in µm (in <inline-formula><mml:math id="mml_m9"><mml:mtext>mm</mml:mtext></mml:math></inline-formula> if greater than <inline-formula><mml:math id="mml_m10"><mml:mn>1</mml:mn><mml:mspace width="thickmathspace"/><mml:mtext>mm</mml:mtext></mml:math></inline-formula> ) and the length of the section over which the measurement was made;</p></list-item><list-item><label>c</label><p>the local coating thickness, i. e. the arithmetic mean value of the measured coating thicknesses.</p></list-item></list></p></sec><sec id="sub-3.21" sec-type="clause"><label>3.21</label><title>Enumeration (list): The paragraph and the whole enumeration shall be treated either as one SpecObject, or it may be normalized according with <xref ref-type="sec" rid="sub-3.22">3.22</xref>.</title><p>The organization shall retain documented information:<list list-type="alpha-lower" specific-use="ordered.list alphabetic"><list-item><label>a</label><p>on the results of the review;</p></list-item><list-item><label>b</label><p>on any new requirements for the products and services.</p></list-item></list></p></sec><sec id="sub-3.22" sec-type="clause"><label>3.22</label><title>Enumeration (list): Each item of the enumeration shall treated as a separate SpecObject.</title><p><list list-type="alpha-lower" specific-use="ordered.list alphabetic"><list-item><label>a</label><p>The organization shall retain documented information on the results of the review;</p></list-item><list-item><label>b</label><p>The organization shall retain documented information on any new requirements for the products and services.</p></list-item></list></p></sec><sec id="sub-3.23" sec-type="clause"><label>3.23</label><title>Enumeration (list): Each item of the enumeration shall treated as a separate SpecObject as child of a parent SpecObject with the introducing provision.</title><p>The test procedure shall be performed as follows:<list list-type="alpha-lower" specific-use="ordered.list alphabetic"><list-item><label>a</label><p>The user shall switch on the device.</p></list-item><list-item><label>b</label><p>The user shall insert the test object.</p></list-item><list-item><label>c</label><p>The user shall press the start button.</p></list-item><list-item><label>d</label><p>The user shall document the test results.</p></list-item><list-item><label>e</label><p>The user shall remove the test object.</p></list-item><list-item><label>f</label><p>The user shall switch off the device.</p></list-item></list></p></sec></sec><sec id="sub-4" sec-type="clause"><label>4</label><title>Modality determination (<std>DIN DKE SPEC 99200, 9.5.1</std>)</title><sec id="sub-4.1" sec-type="clause"><label>4.1</label><title>obj.modality=“constraint”</title><p>Because Japan is a seismically active country, all buildings must be earthquake-resistant.</p><p>All fish must maintain a balance of salt and water in their bodies to stay healthy.</p></sec><sec id="sub-4.2" sec-type="clause"><label>4.2</label><title>obj.modality=“requirement”</title><p>Connectors shall conform to the electrical characteristics specified by <std>IEC 60603-7-1</std>.</p><p>Switch on the recorder.</p><p>Do not activate the mechanism before checking te safety.</p></sec><sec id="sub-4.3" sec-type="clause"><label>4.3</label><title>obj.modality=“recommendation”</title><p>Wiring of connectors should take into account the wire and cable diameter of the cables defined in the <std>IEC 61156</std> series.</p></sec><sec id="sub-4.4" sec-type="clause"><label>4.4</label><title>obj.modality=“capability”</title><p>The quick brown fox can jump over the lazy dog.</p></sec><sec id="sub-4.5" sec-type="clause"><label>4.5</label><title>obj.modality=“permission”</title><p><std>IEC 60512-26-100</std> may be used as an alternative to <std>IEC 60512-27-100</std> for connecting hardware that has been previously qualified to <std>IEC 60603-7-3:2010</std>.</p><p>Within an EPB document, if the quantity is not passed to other EPB documents, one or more of the subscripts may be omitted provided that the meaning is clear from the context.</p></sec><sec id="sub-4.6" sec-type="clause"><label>4.6</label><title>obj.modality=“possibility”</title><p>Use of this connector in corrosive atmospheric conditions can lead to failure of the locking mechanism.</p><p>These measurements can be used to compare different sprayer setups on the same sprayer.</p><p>Only the reverse calculation approach given in <xref ref-type="other">Clause E.3</xref> can be used for calculated energy performance.</p><p>The sum over time can be related either to consecutive readings or to readings on different time slots.</p></sec><sec id="sub-4.7" sec-type="clause"><label>4.7</label><title>obj.modality=“ambiguous”</title><p>The user shall switch off the device, and the user should remove the power-plug.</p></sec><sec id="sub-4.8" sec-type="clause"><label>4.8</label><title>obj.modality=“undefined”</title><p>The user switches-off the device.</p></sec></sec></body><back><app-group><app id="sub-bibliography.nat" content-type="bibl"><title>Bibliography</title><ref-list specific-use="list.of.documents" content-type="bibl"><ref content-type="standard" id="nor-bibliography.nat-1"><std><std-ref>DIN DKE SPEC 99200</std-ref>, <title>ReqIF™ interpretation for public standards– Release1.3</title></std></ref><ref content-type="standard" id="nor-bibliography.nat-2"><std><std-ref>ISO 10241-1</std-ref>, <title>Terminological entries in standards — Part 1: General requirements and examples of presentation</title></std></ref><ref id="bib-bibliography.nat-1"><label>1</label><mixed-citation><italic>Requirements Interchange Format (ReqIF) — Version 1.2</italic>. OMG, 2016-07-01</mixed-citation></ref></ref-list></app></app-group><sec specific-use="index" id="sec_index"><title>Index</title></sec></back></standard>