<?xml version="1.0" encoding="UTF-8"?>
<!DOCTYPE standard
  PUBLIC "-//NISO//DTD NISO STS Interchange Tag Set (NISO STS) DTD with MathML 3.0 v1.0 20171031//EN" "NISO-STS-interchange-1-mathml3.dtd">
<standard xmlns:mml="http://www.w3.org/1998/Math/MathML" xmlns:tbx="urn:iso:std:iso:30042:ed-1" xmlns:xlink="http://www.w3.org/1999/xlink" xml:lang="en"><front><std-meta id="profile.nat"><title-wrap xml:lang="de"><intro>Benchmark für die Satzerkennung und Modalitätsbewertung</intro><main>Testrequirements</main><full>Benchmark für die Satzerkennung und Modalitätsbewertung — Testrequirements</full></title-wrap><title-wrap xml:lang="en"><intro>Benchmark for sentence recognition and modality determination</intro><main>Testrequirements</main><full>Benchmark for sentence recognition and modality determination — Testrequirements</full></title-wrap><release-version>n</release-version><std-ident><originator>DINDKE</originator><doc-type>st</doc-type><doc-number>20240119</doc-number><edition/><version/><std-id-group><std-id std-id-type="dated" std-id-link-type="internal-pub-id" specific-use="xmlkey">e0000000</std-id></std-id-group></std-ident><content-language>en</content-language><std-ref type="undated">Testrequirements 20240119</std-ref><std-ref type="dated">Testrequirements 20240119:2025-02-13</std-ref><doc-ref>Testrequirements 20240119</doc-ref><release-date>2025-02-13</release-date><comm-ref>Consortium of the DIN DKE SPEC 99200:2025-03</comm-ref><permissions><copyright-statement>© DIN Deutsches Institut für Normung e. V. (German Institute for Standardization) is the owner of all exclusive rights worldwide — all rights of exploitation, irrespective of the form and procedure — are worldwide reserved for DIN e. V. VDE holds all non-exclusive rights of exploitation.</copyright-statement><copyright-year>2025</copyright-year><copyright-holder>DIN/DKE</copyright-holder></permissions><custom-meta-group><custom-meta><meta-name>beuth-tr-role</meta-name><meta-value>standard.din</meta-value></custom-meta><custom-meta><meta-name>price</meta-name><meta-value>00</meta-value></custom-meta><custom-meta><meta-name>sales.number</meta-name><meta-value>0000</meta-value></custom-meta><custom-meta xml:lang="en"><meta-name>supply</meta-name><meta-value>DIN Media GmbH • Berlin • Wien • Zürich</meta-value></custom-meta><custom-meta><meta-name>erfasst</meta-name><meta-value>wer</meta-value></custom-meta><custom-meta><meta-name>gelesen</meta-name><meta-value>wer</meta-value></custom-meta><custom-meta><meta-name>geprueft</meta-name><meta-value>wer</meta-value></custom-meta><custom-meta><meta-name>locale.decsep</meta-name><meta-value>comma</meta-value></custom-meta><custom-meta><meta-name>locale.diggrp</meta-name><meta-value>puncsp</meta-value></custom-meta><custom-meta><meta-name>qualitaet</meta-name><meta-value>1</meta-value></custom-meta><custom-meta><meta-name>xhtml.css</meta-name><meta-value>tr.css</meta-value></custom-meta><custom-meta><meta-name>xhtml.level.mobile</meta-name><meta-value>6</meta-value></custom-meta><custom-meta><meta-name>xhtml.level.online</meta-name><meta-value>1</meta-value></custom-meta><custom-meta><meta-name>tr3k2sts.revision</meta-name><meta-value>rUNKNOWN</meta-value></custom-meta><custom-meta><meta-name>tr3k2sts.generation.date</meta-name><meta-value>2025-02-17T18:02:32Z</meta-value></custom-meta></custom-meta-group></std-meta><sec specific-use="contents"><title>Contents</title></sec></front><body><sec id="sub-1" sec-type="scope"><label>1</label><title>Scope</title><p>This document is a benchmark for sentence recognition and modality determination according to <std>DIN DKE SPEC 99200</std> <xref ref-type="bibr" rid="bib-bibliography.nat-1">[1]</xref>.</p></sec><sec id="sub-2" sec-type="clause"><label>2</label><title>Sentence recognition</title><sec id="sub-2.1" sec-type="clause"><label>2.1</label><title>Sentence determination: The sentence shall be recognised without terminating at the period after the abbreviation “etc.”.</title><p>Apples, pears, plums etc. are all fruits.</p></sec><sec id="sub-2.2" sec-type="clause"><label>2.2</label><title>Sentence determination: The first sentence shall be recognised terminating at the period after the abbreviation “etc.”, seperating the first sentence from the second sentence.</title><p>Fruits are apples, pears, plums, etc. Everything else are vegetables.</p></sec><sec id="sub-2.3" sec-type="clause"><label>2.3</label><title>Sentence determination: The sentence shall be recognised without terminating at the period after the abbreviation “Corp.”.</title><p>“The stakeholders are founding a Corp. and not an Inc.”</p></sec><sec id="sub-2.4" sec-type="clause"><label>2.4</label><title>Sentence determination: The sentence shall be recognised without terminating at the period after the abbreviation “Inc.”.</title><p>“The stakeholders are founding an Inc., but we need at least seven founding members.”</p></sec><sec id="sub-2.5" sec-type="clause"><label>2.5</label><title>Sentence determination: The first sentence shall be recognised terminating at the period after the abbreviation “Inc.”, seperating the first sentence from the second sentence.</title><p>“The stakeholders are founding an Inc. However, they need at least seven founding members.”</p></sec><sec id="sub-2.6" sec-type="clause"><label>2.6</label><title>Sentence determination: The first sentence shall be recognised not terminating at the period used at decimal separator.</title><p>The users should ignore values below 4.1 °C in the measurements.</p></sec><sec id="sub-2.7" sec-type="clause"><label>2.7</label><title>Sentence determination: The first sentence shall be recognised not terminating at the period used within technical notations.</title><p>“If the router is set to the default gateway, the users can visit http://192.168.0.1 to access it.”</p></sec><sec id="sub-2.8" sec-type="clause"><label>2.8</label><title>Atomic element: Terminological entry according to <std>ISO 10241-1</std> shall not be split into sentences.</title><term-sec id="sub-2.8.1" sec-type="concept"><label>2.8.1</label><tbx:termEntry id="term_2.8.1"><tbx:langSet xml:lang="en"><tbx:definition>file format for the exchange requirements, including its associated metadata, between software tools from different vendors</tbx:definition><tbx:note id="not-2.8.1-1">NOTE 1 ReqIF™ is a trademark of the Object Management Group, Inc.</tbx:note><tbx:note id="not-2.8.1-2">NOTE 2 Requirements Interchange Format™ is a trademark of the Object Management Group, Inc.</tbx:note><tbx:tig><tbx:term>ReqIF™</tbx:term><tbx:normativeAuthorization value="preferredTerm"/></tbx:tig><tbx:tig><tbx:term>Requirements Interchange Format™</tbx:term><tbx:normativeAuthorization value="admittedTerm"/></tbx:tig></tbx:langSet></tbx:termEntry></term-sec></sec><sec id="sub-2.9" sec-type="clause"><label>2.9</label><title>Atomic element: Designation system shall not be split into sentences</title><p><named-content content-type="standard.designation">ScrewISO1580 - M5x20 - 4,8</named-content></p></sec><sec id="sub-2.10" sec-type="clause"><label>2.10</label><title>Atomic element: Listed expression and description pairs shall not be split into sentences.</title><p><def-list specific-use="descriptive.list none"><def-item><term><inline-formula><mml:math id="mml_m1"><mml:mi>a</mml:mi></mml:math></inline-formula></term><def><p>Mass fractions of the sample required for the adjustment according to 8.5.2.</p></def></def-item><def-item><term><inline-formula><mml:math id="mml_m2"><mml:mi>b</mml:mi></mml:math></inline-formula></term><def><p>Mass fractions of the agreed reference pigment.</p></def></def-item></def-list></p></sec><sec id="sub-2.11" sec-type="clause"><label>2.11</label><title>Atomic element: Listed expression and description pairs shall not be split into sentences.</title><p>see bibliography <xref ref-type="bibr" rid="bib-bibliography.nat-1">[1]</xref></p></sec><sec id="sub-2.12" sec-type="clause"><label>2.12</label><title>Atomic element: Listings shall not be split into sentences.</title><preformat>
&lt;THE-VALUE&gt;
 &lt;xhtml:div&gt;
  &lt;xhtml:p xml:lang="en"&gt;
   &lt;xhtml:object data="formulas/42.mml" type="application/mathml-presentation+xml"&gt;
    &lt;xhtml:object data="formulas/42.png" type="image/png"&gt;Formula missing!&lt;/xhtml:object&gt;
   &lt;/xhtml:object&gt;
  &lt;/xhtml:p&gt;
 &lt;/xhtml:div&gt;
&lt;/THE-VALUE&gt;
</preformat></sec><sec id="sub-2.13" sec-type="clause"><label>2.13</label><title>Terminating element: Sentences shall be terminated by figures.</title><p>…</p></sec><sec id="sub-2.14" sec-type="clause"><label>2.14</label><title>Terminating element: Sentences shall be terminated by examples.</title><non-normative-example id="xmp-2.14-1"><label>EXAMPLE 1</label><p>Animals starting with the letter “g”</p></non-normative-example><p><list list-type="dash" specific-use="unordered.list dash"><list-item><label>–</label><p>gnat</p></list-item><list-item><label>–</label><p>gnu</p></list-item></list></p></sec><sec id="sub-2.15" sec-type="clause"><label>2.15</label><title>Terminating element: Sentences shall be terminated by notes.</title><non-normative-note id="not-2.15-1"><label>NOTE 1</label><p>What is the difference between a</p></non-normative-note><p><list list-type="dash" specific-use="unordered.list dash"><list-item><label>–</label><p>gnat</p></list-item><list-item><label>–</label><p>gnu</p></list-item></list></p></sec><sec id="sub-2.16" sec-type="clause"><label>2.16</label><title>Terminating element: Sentences shall be terminated by tables.</title><p>…</p></sec><sec id="sub-2.17" sec-type="clause"><label>2.17</label><title>Terminating element: Sentences shall be terminated by warnings.</title><p><non-normative-note content-type="warning"><label>WARNING</label><p>Beware of the difference between a</p></non-normative-note><list list-type="dash" specific-use="unordered.list dash"><list-item><label>–</label><p>gnat</p></list-item><list-item><label>–</label><p>gnu</p></list-item></list></p></sec><sec id="sub-2.18" sec-type="clause"><label>2.18</label><title>Enumeration (list): The paragraph and the whole enumeration shall be treated as one SpecObject.</title><p>The test report shall include the following information:<list list-type="alpha-lower" specific-use="ordered.list alphabetic"><list-item><label>a</label><p>the sample location on the sample piece from which the microsection was made;</p></list-item><list-item><label>b</label><p>the coating thickness measured at each location (7.3) in µm (in mm if greater than 1 mm) and the length of the section over which the measurement was made;</p></list-item><list-item><label>c</label><p>the local coating thickness, i. e. the arithmetic mean value of the measured coating thicknesses.</p></list-item></list></p></sec><sec id="sub-2.19" sec-type="clause"><label>2.19</label><title>Enumeration (list): The paragraph and the whole enumeration shall be treated as one SpecObject.</title><p>The organization shall retain documented information:<list list-type="alpha-lower" specific-use="ordered.list alphabetic"><list-item><label>a</label><p>on the results of the review;</p></list-item><list-item><label>b</label><p>on any new requirements for the products and services.</p></list-item></list></p></sec><sec id="sub-2.20" sec-type="clause"><label>2.20</label><title>Enumeration (list): Each item of the enumeration shall treated as a separate SpecObject.</title><p><list list-type="alpha-lower" specific-use="ordered.list alphabetic"><list-item><label>a</label><p>The organization shall retain documented information on the results of the review;</p></list-item><list-item><label>b</label><p>The organization shall retain documented information on any new requirements for the products and services.</p></list-item></list></p></sec><sec id="sub-2.21" sec-type="clause"><label>2.21</label><title>Enumeration (list): Each item of the enumeration shall treated as a separate SpecObject, related to the parent SpecObject with the introducing provision.</title><p>The test procedure shall be performed as follows:<list list-type="alpha-lower" specific-use="ordered.list alphabetic"><list-item><label>a</label><p>The user shall switch on the device.</p></list-item><list-item><label>b</label><p>The user shall insert the test object.</p></list-item><list-item><label>c</label><p>The user shall press the start button.</p></list-item><list-item><label>d</label><p>The user shall document the test results.</p></list-item><list-item><label>e</label><p>The user shall remove the test object.</p></list-item><list-item><label>f</label><p>The user shall switch off the device.</p></list-item></list></p></sec></sec><sec id="sub-3" sec-type="clause"><label>3</label><title>Modality determination</title><sec id="sub-3.1" sec-type="clause"><label>3.1</label><title>obj.modality=“constraint”</title><p>Because Japan is a seismically active country, all buildings must be earthquake-resistant.</p><p>All fish must maintain a balance of salt and water in their bodies to stay healthy.</p></sec><sec id="sub-3.2" sec-type="clause"><label>3.2</label><title>obj.modality=“requirement”</title><p>Connectors shall conform to the electrical characteristics specified by IEC 60603-7-1.</p><p>Switch on the recorder.</p><p>Do not activate the mechanism before checking te safety.</p></sec><sec id="sub-3.3" sec-type="clause"><label>3.3</label><title>obj.modality=“recommendation”</title><p>Wiring of connectors should take into account the wire and cable diameter of the cables defined in the IEC 61156 series.</p></sec><sec id="sub-3.4" sec-type="clause"><label>3.4</label><title>obj.modality=“capability”</title><p>The quick brown fox can jump over the lazy dog.</p></sec><sec id="sub-3.5" sec-type="clause"><label>3.5</label><title>obj.modality=“permission”</title><p>IEC 60512-26-100 may be used as an alternative to IEC 60512-27-100 for connecting hardware that has been previously qualified to IEC 60603-7-3:2010.</p><p>Within an EPB document, if the quantity is not passed to other EPB documents, one or more of the subscripts may beomitted provided that the meaning is clear from the context.</p></sec><sec id="sub-3.6" sec-type="clause"><label>3.6</label><title>obj.modality=“possibility”</title><p>Use of this connector in corrosive atmospheric conditions can lead to failure of the locking mechanism.</p><p>These measurements can be used to compare different sprayer setups on the same sprayer.</p><p>Only the reverse calculation approach given in Clause E.3 can be used for calculated energy performance.</p><p>The sum over time can be related either to consecutive readings or to readings on different time slots.</p></sec><sec id="sub-3.7" sec-type="clause"><label>3.7</label><title>obj.modality=“ambiguous”</title><p>The user shall switch off the device, and the user should remove the power-plug.</p></sec><sec id="sub-3.8" sec-type="clause"><label>3.8</label><title>obj.modality=“undefined”</title><p>The user switches-off the device.</p></sec></sec></body><back><app-group><app content-type="bibl"><title>Literaturhinweise</title><ref-list specific-use="list.of.documents" content-type="bibl"><ref id="bib-bibliography.nat-1"><label>1</label><mixed-citation>DIN DKE SPEC 99200, <italic>ReqIF™ interpretation for public standards– Release1.3</italic></mixed-citation></ref></ref-list></app></app-group><sec specific-use="index" id="sec_index"><title>Index</title></sec></back></standard>