{"description":"The processing ended with warnings.","details":["Warning: missing block <p> after requirements extraction: \/standard[1]\/front[1]\/std-meta[1]\/abstract[1]\/p[1]","Warning: missing block <p> after requirements extraction: \/standard[1]\/front[1]\/std-meta[1]\/abstract[2]\/p[1]","Warning: missing block <p> after requirements extraction: \/standard[1]\/front[1]\/std-meta[1]\/abstract[3]\/p[1]","Warning: missing block <p> after requirements extraction: \/standard[1]\/front[1]\/std-meta[1]\/meta-note[1]\/p[1]","Warning: missing block <p> after requirements extraction: \/standard[1]\/front[1]\/std-meta[1]\/meta-note[2]\/p[1]","Warning: missing block <p> after requirements extraction: \/standard[1]\/front[1]\/std-meta[1]\/meta-note[3]\/p[1]","Warning: missing block <p> after requirements extraction: \/standard[1]\/front[1]\/std-meta[1]\/meta-note[4]\/p[1]","Warning: missing block <p> after requirements extraction: \/standard[1]\/front[1]\/std-meta[1]\/meta-note[5]\/p[1]","Warning: missing block <p> after requirements extraction: \/standard[1]\/front[1]\/std-meta[1]\/meta-note[6]\/p[1]","Warning: missing block <p> after requirements extraction: \/standard[1]\/front[1]\/std-meta[1]\/meta-note[7]\/p[1]","Warning: missing block <p> after requirements extraction: \/standard[1]\/front[1]\/std-meta[1]\/meta-note[7]\/p[2]","Warning: missing block <p> after requirements extraction: \/standard[1]\/front[1]\/std-meta[1]\/meta-note[8]\/p[1]","Warning: missing block <p> after requirements extraction: \/standard[1]\/body[1]\/sec[9]\/sec[6]\/sec[2]\/p[2]","Warning: missing block <p> after requirements extraction: \/standard[1]\/body[1]\/sec[9]\/sec[6]\/sec[3]\/p[2]","Warning: cannot process MathML attribute \"linethickness\" of <mfrac>","Warning: cannot process MathML attribute \"linethickness\" of <mfrac>","Warning: cannot process MathML attribute \"linethickness\" of <mfrac>"],"rating":"Success","reqIFToolID":"sts2reqif 3.0.31","worstMessageType":"Warning","harmonisation":"IDiS ReqIF interpretation for public standards 1.3"}