{"details":["Warning: missing block <p> after requirements extraction: \/adoption[1]\/adoption-front[1]\/std-meta[1]\/meta-note[1]\/p[1]","Warning: missing block <p> after requirements extraction: \/adoption[1]\/adoption-front[1]\/std-meta[1]\/meta-note[2]\/p[1]","Warning: missing block <p> after requirements extraction: \/adoption[1]\/standard[1]\/front[1]\/std-meta[1]\/meta-note[1]\/p[1]","Warning: missing block <p> after requirements extraction: \/adoption[1]\/standard[1]\/front[1]\/std-meta[1]\/meta-note[1]\/p[2]","Warning: missing block <p> after requirements extraction: \/adoption[1]\/standard[1]\/front[1]\/std-meta[1]\/meta-note[1]\/p[3]","Warning: missing block <p> after requirements extraction: \/adoption[1]\/standard[1]\/front[1]\/std-meta[1]\/meta-note[1]\/p[4]","Warning: missing block <p> after requirements extraction: \/adoption[1]\/standard[1]\/front[1]\/std-meta[1]\/meta-note[1]\/p[5]"],"harmonisation":"IDiS ReqIF interpretation for public standards 1.3","rating":"Success","description":"The processing ended with warnings.","worstMessageType":"Warning","reqIFToolID":"sts2reqif 3.0.31"}