<?xml version="1.0" encoding="UTF-8"?>
<!DOCTYPE adoption
  PUBLIC "-//NISO//DTD NISO STS Interchange Tag Set (NISO STS) DTD with MathML 3.0 v1.0 20171031//EN" "NISO-STS-interchange-1-mathml3.dtd">
<adoption xmlns:mml="http://www.w3.org/1998/Math/MathML" xmlns:tbx="urn:iso:std:iso:30042:ed-1" xmlns:xlink="http://www.w3.org/1999/xlink" xml:lang="de"><adoption-front><std-meta id="profile.nat"><title-wrap xml:lang="de"><intro>Sicherheit von Maschinen</intro><main>Sicherheitsabstände gegen das Erreichen von Gefahrstellen mit den unteren Gliedmaßen</main><full>Sicherheit von Maschinen — Sicherheitsabstände gegen das Erreichen von Gefahrstellen mit den unteren Gliedmaßen — Deutsche Fassung <std>EN 000:0000</std></full></title-wrap><title-wrap xml:lang="en"><intro>Safety of machinery</intro><main>Safety distances to prevent danger zones being reached by the lower limbs</main><full>Safety of machinery — Safety distances to prevent danger zones being reached by the lower limbs — German version <std>EN 000:0000</std></full></title-wrap><title-wrap xml:lang="fr"><intro>Sécurité des machines</intro><main>Distances de sécurité pour empêcher l’atteinte des zones dangereuses par les membres inférieurs</main><full>Sécurité des machines — Distances de sécurité pour empêcher l’atteinte des zones dangereuses par les membres inférieurs — Version allemande <std>EN 000:0000</std></full></title-wrap><release-version>n</release-version><std-ident><originator>DIN</originator><doc-type>st</doc-type><doc-number>811</doc-number><edition/><version/><std-id-group><std-id std-id-type="dated" std-id-link-type="internal-pub-id" specific-use="xmlkey">d121d2fe</std-id></std-id-group></std-ident><content-language>de</content-language><std-ref type="undated">DIN EN 811</std-ref><std-ref type="dated">DIN EN 811:1996-12</std-ref><doc-ref>DIN EN 811</doc-ref><release-date>1996-12</release-date><comm-ref>Normenausschuß Sicherheitstechnische Grundsätze (NASG)</comm-ref><secretariat>Normenausschuß Maschinenbau (NAM)Deutsche Elektrotechnische Kommission (DKE)</secretariat><ics>13.110</ics><permissions><copyright-statement>© DIN Deutsches Institut für Normung e. V. • Jede Art der Vervielfältigung, auch auszugsweise, nur mit Genehmigung des DIN Deutsches Institut für Normung e. V., Berlin, gestattet.</copyright-statement><copyright-year>1996</copyright-year><copyright-holder>DIN</copyright-holder></permissions><kwd-group xml:lang="de"><kwd>Maschine</kwd><kwd>Sicherheit</kwd><kwd>Sicherheitsabstand</kwd><kwd>Unfallverhütung</kwd><kwd>Verletzungsgefahr</kwd></kwd-group><meta-note content-type="status" id="status.note.nat"><p>Die Europäische Norm <std>EN 000:0000</std> hat den Status einer Deutschen Norm.</p></meta-note><meta-note content-type="validity" id="validity.note.nat"><title>Beginn der Gültigkeit</title><p>EN 811:1996 wurde am 1996-08-31 angenommen.</p></meta-note><meta-note content-type="publication.note" id="publication.note.nat"><p>WARNING: THIS DOCUMENT IS ONLY A TEST VARIANT. TO PRESERVE EVENTUAL COPYRIGHTS OF THE ORIGINAL DOCUMENT, THE CONTENT OF THIS VARIANT HAS BEEN INVALIDATED. USE ONLY FOR TESTING BUT NOT IN PRACTISE!</p></meta-note><custom-meta-group><custom-meta><meta-name>beuth-tr-role</meta-name><meta-value>standard.din</meta-value></custom-meta><custom-meta xml:lang="de"><meta-name>title.text</meta-name><meta-value>Deutsche Fassung EN 000:0000</meta-value></custom-meta><custom-meta xml:lang="en"><meta-name>title.text</meta-name><meta-value>German version EN 000:0000</meta-value></custom-meta><custom-meta xml:lang="fr"><meta-name>title.text</meta-name><meta-value>Version allemande EN 000:0000</meta-value></custom-meta><custom-meta><meta-name>price</meta-name><meta-value>06</meta-value></custom-meta><custom-meta><meta-name>sales.number</meta-name><meta-value>2306</meta-value></custom-meta><custom-meta xml:lang="de"><meta-name>supply</meta-name><meta-value>Alleinverkauf der Normen durch Beuth Verlag GmbH, 10772 Berlin</meta-value></custom-meta><custom-meta><meta-name>erfasst</meta-name><meta-value>nil</meta-value></custom-meta><custom-meta><meta-name>gelesen</meta-name><meta-value>---</meta-value></custom-meta><custom-meta><meta-name>geprueft</meta-name><meta-value>nil</meta-value></custom-meta><custom-meta><meta-name>qualitaet</meta-name><meta-value>1</meta-value></custom-meta><custom-meta><meta-name>xhtml.level.mobile</meta-name><meta-value>6</meta-value></custom-meta><custom-meta><meta-name>xhtml.level.online</meta-name><meta-value>1</meta-value></custom-meta><custom-meta><meta-name>tr3k2sts.revision</meta-name><meta-value>rUNKNOWN</meta-value></custom-meta><custom-meta><meta-name>tr3k2sts.generation.date</meta-name><meta-value>2025-02-21T12:38:05Z</meta-value></custom-meta></custom-meta-group></std-meta><notes notes-type="bibl" specific-use="centralized-citations"><ref-list content-type="invisible-citation-list"><ref id="nla-nat-1"><std><std-id-group><std-id std-id-link-type="internal-pub-id" std-id-type="dated">d121d0b6</std-id><std-id std-id-link-type="fpi" std-id-type="dated">+//ISO 9070/RA::A00007::GE::DIN German Institute for Standardization::Regulations//DOCUMENT EN 811:1996-10-00//DE</std-id></std-id-group></std></ref></ref-list></notes><sec sec-type="foreword" specific-use="foreword.nat" id="foreword.nat"><label/><title>Nationales Vorwort</title><p>Diese Norm enthält sicherheitstechnische Festlegungen im Sinne des Gerätesicherheitsgesetzes.</p><p>Diese Norm beinhaltet die Deutsche Fassung der von der Arbeitsgruppe 2 „Sicherheitsabstände“ des Technischen Komitees 114 „Sicherheit von Maschinen, Geräten und Anlagen“ des Europäischen Komitees für Normung (CEN) ausgearbeiteten Norm <xref ref-type="bibr" rid="nla-nat-1">EN 000:0000</xref>.</p><p>Die Deutsche Fassung wurde vom Unterausschuß GUA 8.1 „Sicherheitsabstände“ des Normenausschusses Sicherheitstechnische Grundsätze (NASG) im DIN erstellt.</p></sec></adoption-front><standard id="d121d0b6" xml:lang="de"><front><std-meta id="profile.reg"><title-wrap xml:lang="de"><intro>Sicherheit von Maschinen</intro><main>Sicherheitsabstände gegen das Erreichen von Gefahrstellen mit den unteren Gliedmaßen</main><full>Sicherheit von Maschinen — Sicherheitsabstände gegen das Erreichen von Gefahrstellen mit den unteren Gliedmaßen</full></title-wrap><title-wrap xml:lang="en"><intro>Safety of machinery</intro><main>Safety distances to prevent danger zones being reached by the lower limbs</main><full>Safety of machinery — Safety distances to prevent danger zones being reached by the lower limbs</full></title-wrap><title-wrap xml:lang="fr"><intro>Sécurité des machines</intro><main>Distances de sécurité pour empêcher l’atteinte des zones dangereuses par les membres inférieurs</main><full>Sécurité des machines — Distances de sécurité pour empêcher l’atteinte des zones dangereuses par les membres inférieurs</full></title-wrap><release-version>n</release-version><std-ident><originator>CEN</originator><doc-type>st</doc-type><doc-number>811</doc-number><edition/><version/><std-id-group><std-id std-id-type="dated" std-id-link-type="internal-pub-id" specific-use="xmlkey">d121d0b6</std-id></std-id-group></std-ident><content-language>de</content-language><std-ref type="undated">EN 811</std-ref><std-ref type="dated">EN 811:1996-10</std-ref><doc-ref>EN 811</doc-ref><release-date>1996-10</release-date><ics>13.110</ics><permissions><copyright-statement>© 1996. Das Copyright ist den CEN-Mitgliedern vorbehalten.</copyright-statement><copyright-year>1996</copyright-year><copyright-holder>CEN</copyright-holder></permissions><kwd-group xml:lang="de"><kwd>Sicherheit von Maschinen</kwd><kwd>gefährliche Maschine</kwd><kwd>Unfallverhütung</kwd><kwd>Gefährdung</kwd><kwd>menschlicher Körper</kwd><kwd>untere Gliedmaßen</kwd><kwd>Gefahrbereich</kwd><kwd>Länge</kwd><kwd>Abmessung</kwd></kwd-group><meta-note content-type="standard.text"><p>Diese Europäische Norm wurde vom CEN am 1996-08-31 angenommen.</p><p>Die CEN-Mitglieder sind gehalten, die CEN/CENELEC-Geschäftsordnung zu erfüllen, in der die Bedingungen festgelegt sind, unter denen dieser Europäischen Norm ohne jede Änderung der Status einer nationalen Norm zu geben ist.</p><p>Auf dem letzten Stand befindliche Listen dieser nationalen Normen mit ihren bibliographischen Angaben sind beim Zentralsekretariat oder bei jedem CEN-Mitglied auf Anfrage erhältlich.</p><p>Diese Europäische Norm besteht in drei offiziellen Fassungen (Deutsch, Englisch, Französisch). Eine Fassung in einer anderen Sprache, die von einem CEN-Mitglied in eigener Verantwortung durch Übersetzung in seine Landessprache gemacht und dem Zentralsekretariat mitgeteilt worden ist, hat den gleichen Status wie die offiziellen Fassungen.</p><p>CEN-Mitglieder sind die nationalen Normungsinstitute von Belgien, Dänemark, Deutschland, Finnland, Frankreich, Griechenland, Irland, Island, Italien, Luxemburg, den Niederlanden, Norwegen, Österreich, Portugal, Schweden, der Schweiz, Spanien und dem Vereinigten Königreich.</p></meta-note><custom-meta-group><custom-meta><meta-name>beuth-tr-role</meta-name><meta-value>standard.eur</meta-value></custom-meta><custom-meta><meta-name>qualitaet</meta-name><meta-value>1</meta-value></custom-meta><custom-meta><meta-name>tr3k2sts.revision</meta-name><meta-value>rUNKNOWN</meta-value></custom-meta><custom-meta><meta-name>tr3k2sts.generation.date</meta-name><meta-value>2025-02-21T12:38:05Z</meta-value></custom-meta></custom-meta-group></std-meta><notes notes-type="bibl" specific-use="centralized-citations"><ref-list content-type="invisible-citation-list"><ref id="nla-reg-1"><std><std-id-group><std-id std-id-link-type="internal-pub-id" std-id-type="undated">x121b1f9</std-id><std-id std-id-link-type="fpi" std-id-type="undated">+//ISO 9070/RA::A00007::GE::DIN German Institute for Standardization::Regulations//DOCUMENT EN 414//DE</std-id></std-id-group></std></ref><ref id="nla-reg-2"><std><std-id-group><std-id std-id-link-type="internal-pub-id" std-id-type="undated">x120c095</std-id><std-id std-id-link-type="fpi" std-id-type="undated">+//ISO 9070/RA::A00007::GE::DIN German Institute for Standardization::Regulations//DOCUMENT EN 292-1//DE</std-id></std-id-group></std></ref><ref id="nla-reg-3"><std><std-id-group><std-id std-id-link-type="internal-pub-id" std-id-type="undated">x120e0f8</std-id><std-id std-id-link-type="fpi" std-id-type="undated">+//ISO 9070/RA::A00007::GE::DIN German Institute for Standardization::Regulations//DOCUMENT EN 294//DE</std-id></std-id-group></std></ref><ref id="nla-reg-4"><std><std-id std-id-link-type="internal-pub-id" std-id-type="dated">d120e0f8#tab-5</std-id></std></ref><ref id="nla-reg-5"><std><std-id-group><std-id std-id-link-type="internal-pub-id" std-id-type="dated">d120e0f8</std-id><std-id std-id-link-type="fpi" std-id-type="dated">+//ISO 9070/RA::A00007::GE::DIN German Institute for Standardization::Regulations//DOCUMENT EN 294:1992-06-00//DE</std-id></std-id-group></std></ref><ref id="nla-reg-6"><std><std-id-group><std-id std-id-link-type="internal-pub-id" std-id-type="undated">x121a707</std-id><std-id std-id-link-type="fpi" std-id-type="undated">+//ISO 9070/RA::A00007::GE::DIN German Institute for Standardization::Regulations//DOCUMENT EN 1050//DE</std-id></std-id-group></std></ref><ref id="nla-reg-7"><std><std-id std-id-link-type="internal-pub-id" std-id-type="dated">d120e0f8#tab-4</std-id></std></ref><ref id="nla-reg-8"><std><std-id-group><std-id std-id-link-type="internal-pub-id" std-id-type="undated">x1207851</std-id><std-id std-id-link-type="fpi" std-id-type="undated">+//ISO 9070/RA::A00007::GE::DIN German Institute for Standardization::Regulations//DOCUMENT 89/392/EWG//DE</std-id></std-id-group></std></ref><ref id="nla-reg-9"><std><std-id-group><std-id std-id-link-type="internal-pub-id" std-id-type="undated">x120becd</std-id><std-id std-id-link-type="fpi" std-id-type="undated">+//ISO 9070/RA::A00007::GE::DIN German Institute for Standardization::Regulations//DOCUMENT 91/368/EWG//DE</std-id></std-id-group></std></ref><ref id="nla-reg-10"><std><std-id-group><std-id std-id-link-type="internal-pub-id" std-id-type="undated">x1211155</std-id><std-id std-id-link-type="fpi" std-id-type="undated">+//ISO 9070/RA::A00007::GE::DIN German Institute for Standardization::Regulations//DOCUMENT 93/44/EWG//DE</std-id></std-id-group></std></ref></ref-list></notes><sec specific-use="contents"><title>Inhalt</title></sec><sec sec-type="foreword" specific-use="foreword.reg" id="foreword.reg"><label/><title>Vorwort</title><p>Diese Europäische Norm wurde vom Technischen Komitee CEN/TC 114 „Sicherheit von Maschinen und Geräten“ erarbeitet, dessen Sekretariat vom DIN gehalten wird.</p><p>Diese Europäische Norm muß den Status einer nationalen Norm erhalten, entweder durch Veröffentlichung eines identischen Textes oder durch Anerkennung bis 1997-04, und etwaige entgegenstehende nationale Normen müssen bis 1997-04 zurückgezogen werden.</p><p>Diese Europäische Norm wurde unter einem Mandat erarbeitet, das die Europäische Kommission und die Europäische Freihandelszone dem CEN erteilt haben, und unterstützt grundlegende Anforderungen der EU-Richtlinie(n).</p><p>Zusammenhang mit EU-Richtlinien siehe informativen <xref ref-type="sec" rid="sub-za">Anhang ZA</xref>, der Bestandteil dieser Norm ist.</p><p>Entsprechend <xref ref-type="bibr" rid="nla-reg-1">EN 000</xref> ist diese Europäische Norm eine Typ B 1-Norm.</p><p>Entsprechend der CEN/CENELEC-Geschäftsordnung sind die nationalen Normungsinstitute der folgenden Länder gehalten, diese Europäische Norm zu übernehmen: Belgien, Dänemark, Deutschland, Finnland, Frankreich, Griechenland, Irland, Island, Italien, Luxemburg, Niederlande, Norwegen, Österreich, Portugal, Schweden, Schweiz, Spanien und das Vereinigte Königreich.</p></sec><sec sec-type="intro" specific-use="introduction.reg" id="introduction.reg"><label/><title>0 Einleitung</title><p>Entsprechend <xref ref-type="bibr" rid="nla-reg-2">EN 000-0</xref> gelten Maschinen allgemein als sicher, wenn es wahrscheinlich ist, daß die Maschinen bei bestimmungsgemäßer Verwendung ohne Verletzung oder Schädigung der Gesundheit ihre Funktion durchführen und transportiert, aufgebaut, eingerichtet, instand gehalten, abgebaut und entsorgt werden können.</p><p>Eine Methode der Vermeidung oder Minderung von durch Maschinen verursachte Gefährdungen ist die Anwendung von Sicherheitsabständen gegen das Erreichen von Gefahrbereichen.</p><p>Manchmal können begründbare und vorhersehbare Reichsituationen auftreten, z. B. während Personen<list list-type="dash" specific-use="unordered.list dash"><list-item><label>–</label><p>versuchen, einen Fuß zu benutzen, um Austritts- und/oder Einlaßöffnungen freizumachen, oder</p></list-item><list-item><label>–</label><p>mit mitgängergeführten Maschinen arbeiten.</p></list-item></list></p><p>Diese Norm legt Sicherheitsabstände nur für die unteren Gliedmaßen fest. Sicherheitsabstände für die oberen Gliedmaßen sind in <xref ref-type="bibr" rid="nla-reg-3">EN 000</xref> enthalten.</p><p>Bei der Festlegung von Sicherheitsabständen zur Verhinderung des Zugangs (siehe <xref ref-type="sec" rid="sub-4">Abschnitt 0</xref>) und Abständen zur Behinderung des freien Zugangs (siehe <xref ref-type="sec" rid="sub-5">Abschnitt 0</xref>) müssen eine Reihe von Gesichtspunkten beachtet werden, wie z. B.:<list list-type="dash" specific-use="unordered.list dash"><list-item><label>–</label><p>mögliche Reichweiten der unteren Gliedmaßen bei der Maschinennutzung;</p></list-item><list-item><label>–</label><p>anthropometrische Daten, die die in den europäischen Ländern üblicherweise vorgefundenen ethnischen Gruppen in Betracht ziehen;</p></list-item><list-item><label>–</label><p>biomechanische Gegebenheiten, wie Kompressibilität und Streckvermögen der Körperteile und Grenzen der Bewegungen in den Gelenken;</p></list-item><list-item><label>–</label><p>technische und praktische Gesichtspunkte.</p></list-item></list></p><p>Falls sich diese Gesichtspunkte weiterentwickelt haben, kann der gegenwärtige Stand der Technik, der in dieser Norm niedergelegt ist, verbessert werden.</p></sec></front><body><sec id="sub-1" sec-type="scope"><label>1</label><title>Anwendungsbereich</title><p id="par-1-1">Diese Europäische Norm legt Werte für Sicherheitsabstände zur Verhinderung des Zugangs und für Abstände zur Behinderung des freien Zugangs der unteren Gliedmaßen von Personen von 14 Jahren und darüber fest. Die Werte beruhen auf praktischer Erfahrung, die sich als angemessen für diese Gruppe von Personen herausgestellt hat.</p><p id="par-1-2">Die Abstände lassen sich anwenden, wenn eine angemessene Sicherheit durch Abstand allein erreicht werden kann und wenn der Zugang der oberen Gliedmaßen entsprechend der Risikobeurteilung nicht vorhersehbar ist.</p><non-normative-note id="not-1-1"><label>ANMERKUNG 1</label><p>Diese Abstände bieten keinen ausreichenden Schutz vor bestimmten Gefährdungen, wie z. B. Strahlung und Emissionen von Substanzen. Bei solchen Gefährdungen können zusätzliche oder andere Maßnahmen notwendig sein.</p></non-normative-note><p id="par-1-3">Die Sicherheitsabstände zur Verhinderung des Zugangs beziehen sich auf Öffnungen und schützen solche Personen, die unter den angegebenen Bedingungen für die verschiedenen Situationen des Hindurchkommens Gefahrbereiche zu erreichen versuchen. Manchmal kann eine begründete, vorhersehbare Annäherung an Gefahrbereiche auftreten, wenn Personen versuchen, einen Fuß zu benutzen, um Austrittsöffnungen und/oder Einlaßöffnungen freizumachen, oder mit mitgängergeführten Maschinen arbeiten.</p><p id="par-1-4">Die Abstände zur Behinderung des freien Zugangs beziehen sich auf die Höhe bis zur schützenden Konstruktion und vermindern das Risiko für Personen durch Einschränkung der freien Bewegung der unteren Gliedmaßen.</p><p id="par-1-5">Wenn Personen unter 14 Jahre zu berücksichtigen sind, ist es nicht sachdienlich, andere Werte als die für die oberen Gliedmaßen festzulegen. Dann werden die Sicherheitsabstände gegen das Erreichen von Gefahrstellen mit den oberen Gliedmaßen aus <xref ref-type="bibr" rid="nla-reg-4">EN 000:0000, Tabelle 0</xref>, angewendet.</p><p id="par-1-6">Für bestimmte Anwendungsfälle gibt es berechtigte Gründe, von diesen Abständen abzuweichen. Normen, die diese Anwendungsfälle beinhalten, sollten angeben, wie eine angemessene Sicherheit erreicht werden kann.</p></sec><sec id="sub-2" sec-type="norm-refs"><label>2</label><title>Normative Verweisungen</title><p id="par-2-1">Diese Europäische Norm enthält durch datierte oder undatierte Verweisungen Festlegungen aus anderen Publikationen. Diese normativen Verweisungen sind an den jeweiligen Stellen im Text zitiert, und die Publikationen sind nachstehend aufgeführt. Bei datierten Verweisungen gehören spätere Änderungen oder Überarbeitungen dieser Publikationen nur zu dieser Europäischen Norm, falls sie durch Änderung oder Überarbeitung eingearbeitet sind. Bei undatierten Verweisungen gilt die letzte Ausgabe der in Bezug genommenen Publikation.</p><ref-list specific-use="list.of.documents" content-type="non-numbered"><ref content-type="standard" id="nor-2-1"><std><std-id-group><std-id std-id-link-type="internal-pub-id" std-id-type="undated">x120c095</std-id><std-id std-id-link-type="fpi" std-id-type="undated">+//ISO 9070/RA::A00007::GE::DIN German Institute for Standardization::Regulations//DOCUMENT EN 292-1//DE</std-id></std-id-group><std-ref type="undated">EN 000-0</std-ref>, <title>Sicherheit von Maschinen — Grundbegriffe, allgemeine Gestaltungsleitsätze — Teil 1: Grundsätzliche Terminologie, Methodologie</title></std></ref><ref content-type="standard" id="nor-2-2"><std><std-id-group><std-id std-id-link-type="internal-pub-id" std-id-type="dated">d120e0f8</std-id><std-id std-id-link-type="fpi" std-id-type="dated">+//ISO 9070/RA::A00007::GE::DIN German Institute for Standardization::Regulations//DOCUMENT EN 294:1992-06-00//DE</std-id></std-id-group><std-ref type="dated">EN 000:0000</std-ref>, <title>Sicherheit von Maschinen — Sicherheitsabstände gegen das Erreichen von Gefahrstellen mit den oberen Gliedmaßen</title></std></ref><ref content-type="standard" id="nor-2-3"><std><std-id-group><std-id std-id-link-type="internal-pub-id" std-id-type="undated">x121a707</std-id><std-id std-id-link-type="fpi" std-id-type="undated">+//ISO 9070/RA::A00007::GE::DIN German Institute for Standardization::Regulations//DOCUMENT EN 1050//DE</std-id></std-id-group><std-ref type="undated">EN 0000</std-ref>, <title>Sicherheit von Maschinen — Leitsätze zur Risikobeurteilung</title></std></ref></ref-list></sec><sec id="sub-3" sec-type="clause"><label>3</label><title>Definitionen</title><p id="par-3-1">Für die Anwendung dieser Norm gelten die in <xref ref-type="bibr" rid="nla-reg-2">EN 000-0</xref> und <xref ref-type="bibr" rid="nla-reg-3">EN 000</xref> festgelegten Definitionen.</p></sec><sec id="sub-4" sec-type="clause"><label>4</label><title>Sicherheitsabstände zur Verhinderung des Zugangs</title><sec id="sub-4.1" sec-type="clause"><label>4.1</label><title>Allgemeines</title><sec id="sub-4.1.1" sec-type="clause"><label>4.1.1</label><title>Voraussetzungen</title><p id="par-4.1.1-1">Die Sicherheitsabstände sind unter folgenden Voraussetzungen festgelegt worden:<list list-type="dash" specific-use="unordered.list dash"><list-item><label>–</label><p>Die schützenden Konstruktionen und alle Öffnungen behalten ihre Form und Lage bei. Andernfalls müssen Überlegungen angestellt werden, um angemessene Sicherheit zu erreichen.</p></list-item><list-item><label>–</label><p>Die Sicherheitsabstände werden von der Begrenzungsfläche aus gemessen, die den Körper oder die betrachteten Körperteile zurückhält.</p></list-item></list></p></sec><sec id="sub-4.1.2" sec-type="clause"><label>4.1.2</label><title>Risikobeurteilung</title><p id="par-4.1.2-1">Das Bestimmen des erforderlichen Sicherheitsabstandes gegen das Erreichen von Gefahrbereichen muß von einer Risikobeurteilung abhängig sein (siehe <xref ref-type="bibr" rid="nla-reg-2">EN 000-0</xref> und <xref ref-type="bibr" rid="nla-reg-6">EN 0000</xref>).</p><p id="par-4.1.2-2">Diese Europäische Norm muß angewendet werden, wenn die Risikobeurteilung ergibt, daß nur ein Risiko für die unteren Gliedmaßen gegeben ist. Wo jedoch ein Risiko für die oberen und unteren Gliedmaßen gegeben ist, muß für eine vorhandene Öffnung der größte Sicherheitsabstand nach <xref ref-type="table" rid="tab-1">Tabelle 0</xref> dieser Norm oder <xref ref-type="bibr" rid="nla-reg-7">EN 000:0000, Tabelle 0</xref>, angewendet werden.</p></sec></sec><sec id="sub-4.2" sec-type="clause"><label>4.2</label><title>Hindurchreichen durch Öffnungen mit den unteren Gliedmaßen</title><p id="par-4.2-1">Die in <xref ref-type="table" rid="tab-1">Tabelle 0</xref> angegebenen Sicherheitsabstände <inline-formula><mml:math id="mml_m1"><mml:mi>sr</mml:mi></mml:math></inline-formula> sind auf Personen anwendbar, die versuchen, durch Öffnungen einen Gefahrbereich zu erreichen.</p><sec id="sub-4.2.1" sec-type="clause"><label>4.2.1</label><title>Regelmäßige Öffnungen</title><p id="par-4.2.1-1">Das Maß <inline-formula><mml:math id="mml_m2"><mml:mi>e</mml:mi></mml:math></inline-formula> der Öffnungen bezieht sich auf die Seite einer quadratischen Öffnung, den Durchmesser einer kreisförmigen Öffnung und die kleinste Abmessung einer schlitzförmigen Öffnung.</p><p id="par-4.2.1-2">Schlitzförmige Öffnungen <inline-formula><mml:math id="mml_m3"><mml:mo>&gt;</mml:mo><mml:mspace width="thickmathspace"/><mml:mn>000</mml:mn><mml:mspace width="thickmathspace"/><mml:mtext>mm</mml:mtext></mml:math></inline-formula> und quadratische oder kreisförmige Öffnungen <inline-formula><mml:math id="mml_m4"><mml:mo>&gt;</mml:mo><mml:mspace width="thickmathspace"/><mml:mn>000</mml:mn><mml:mspace width="thickmathspace"/><mml:mtext>mm</mml:mtext></mml:math></inline-formula> erlauben den Zugang für den ganzen Körper.</p><p id="par-4.2.1-3">Die in <xref ref-type="table" rid="tab-1">Tabelle 0</xref> angegebenen Werte sind unabhängig davon, ob Bekleidung oder Fußbekleidung getragen wird.</p></sec><sec id="sub-4.2.2" sec-type="clause"><label>4.2.2</label><title>Unregelmäßige Öffnungen</title><p id="par-4.2.2-1">Im Fall unregelmäßiger Öffnungen müssen die folgenden Schritte ausgeführt werden:<list list-type="alpha-lower" specific-use="ordered.list alphabetic"><list-item><label>a</label><p>Man bestimme zuerst:<list list-type="dash" specific-use="unordered.list dash"><list-item><label>–</label><p>den Durchmesser der kleinsten kreisförmigen Öffnung und</p></list-item><list-item><label>–</label><p>die Seite der kleinsten quadratischen Öffnung und</p></list-item><list-item><label>–</label><p>die Weite der kleinsten schlitzförmigen Öffnung, in welche die unregelmäßige Öffnung vollständig eingefügt werden kann (siehe schraffierte Fläche in <xref ref-type="fig" rid="fig-1">Bild 0</xref>).</p></list-item></list></p></list-item><list-item><label>b</label><p>Man wähle die entsprechenden drei Sicherheitsabstände in Übereinstimmung mit <xref ref-type="table" rid="tab-1">Tabelle 0</xref> aus.</p></list-item><list-item><label>c</label><p>Der kürzeste Sicherheitsabstand der drei in b) ausgewählten Werte kann verwendet werden.</p></list-item></list></p><table-wrap id="tab-1" orientation="portrait"><label>Tabelle 1</label><caption><title/><p content-type="units">Maße in Millimeter</p></caption><table rules="none" frame="border"><col char="" charoff="50" span="1" width="2.700cm"/><col char="" charoff="50" span="1" width="6.000cm"/><col char="" charoff="50" span="1" width="2.800cm"/><col char="" charoff="50" span="1" width="2.800cm"/><col char="" charoff="50" span="1" width="2.800cm"/><thead char="" charoff="50"><tr><th content-type="rowsep colsep" align="center" char="" charoff="50" colspan="1" rowspan="2" valign="middle">Teil des unteren Gliedmaßes</th><th content-type="rowsep colsep" align="center" char="" charoff="50" colspan="1" rowspan="2" valign="middle">Bild</th><th content-type="rowsep colsep" align="center" char="" charoff="50" colspan="1" rowspan="2" valign="middle">Öffnung</th><th colspan="2" content-type="norowsep colsep" align="center" char="" charoff="50" rowspan="1" valign="middle">Sicherheitsabstand <inline-formula><mml:math id="mml_m5"><mml:mi>sr</mml:mi></mml:math></inline-formula></th></tr><tr><th content-type="rowsep colsep" align="center" char="" charoff="50" colspan="1" rowspan="1" valign="middle">Schlitz</th><th content-type="rowsep colsep" align="center" char="" charoff="50" colspan="1" rowspan="1" valign="middle">Quadrat oder Kreis</th></tr></thead><tbody char="" charoff="50"><tr><td content-type="rowsep colsep" align="left" char="" charoff="50" colspan="1" rowspan="1" valign="top">Zehenspitze</td><td content-type="rowsep colsep" align="left" char="" charoff="50" colspan="1" rowspan="3" valign="top"><graphic xlink:href="x121d0b6.gfo-4_2_2-1"><object-id pub-id-type="fpi">+//ISO 9070/RA::A00007::GE::DIN German Institute for Standardization::Regulations//NONSGML EN 811:1996-10-00::Graphical form 4.2.2-1//EN</object-id><object-id pub-id-type="publisher-id">gfo-4.2.2-1</object-id></graphic></td><td content-type="rowsep colsep" align="right" char="" charoff="50" colspan="1" rowspan="1" valign="top"><inline-formula><mml:math id="mml_m6"><mml:mi>e</mml:mi><mml:mspace width="thickmathspace"/><mml:mo>≤</mml:mo><mml:mspace width="thickmathspace"/><mml:mn>0</mml:mn></mml:math></inline-formula></td><td content-type="rowsep colsep" align="center" char="" charoff="50" colspan="1" rowspan="1" valign="top">0</td><td content-type="rowsep colsep" align="center" char="" charoff="50" colspan="1" rowspan="1" valign="top">0</td></tr><tr><td content-type="rowsep colsep" align="left" char="" charoff="50" colspan="1" rowspan="2" valign="top">Zehe</td><td content-type="rowsep colsep" align="right" char="" charoff="50" colspan="1" rowspan="1" valign="top"><inline-formula><mml:math id="mml_m7"><mml:mn>0</mml:mn><mml:mspace width="thickmathspace"/><mml:mo>&lt;</mml:mo><mml:mspace width="thickmathspace"/><mml:mi>e</mml:mi><mml:mspace width="thickmathspace"/><mml:mo>≤</mml:mo><mml:mspace width="thickmathspace"/><mml:mn>00</mml:mn></mml:math></inline-formula></td><td content-type="rowsep colsep" align="center" char="" charoff="50" colspan="1" rowspan="1" valign="top"><inline-formula><mml:math id="mml_m8"><mml:mo>≥</mml:mo><mml:mspace width="thickmathspace"/><mml:mn>00</mml:mn></mml:math></inline-formula></td><td content-type="rowsep colsep" align="center" char="" charoff="50" colspan="1" rowspan="1" valign="top">0</td></tr><tr><td content-type="rowsep colsep" align="right" char="" charoff="50" colspan="1" rowspan="1" valign="top"><inline-formula><mml:math id="mml_m9"><mml:mn>00</mml:mn><mml:mspace width="thickmathspace"/><mml:mo>&lt;</mml:mo><mml:mspace width="thickmathspace"/><mml:mi>e</mml:mi><mml:mspace width="thickmathspace"/><mml:mo>≤</mml:mo><mml:mspace width="thickmathspace"/><mml:mn>00</mml:mn></mml:math></inline-formula></td><td content-type="rowsep colsep" align="right" char="" charoff="50" colspan="1" rowspan="1" valign="top"><inline-formula><mml:math id="mml_m10"><mml:mo>≥</mml:mo><mml:mspace width="thickmathspace"/><mml:mn>00</mml:mn></mml:math></inline-formula><xref ref-type="table-fn" rid="tab-1-foo-1"><sup>1</sup></xref></td><td content-type="rowsep colsep" align="right" char="" charoff="50" colspan="1" rowspan="1" valign="top"><inline-formula><mml:math id="mml_m11"><mml:mo>≥</mml:mo><mml:mspace width="thickmathspace"/><mml:mn>00</mml:mn></mml:math></inline-formula></td></tr><tr><td content-type="rowsep colsep" align="left" char="" charoff="50" colspan="1" rowspan="2" valign="top">Fuß</td><td content-type="rowsep colsep" align="left" char="" charoff="50" colspan="1" rowspan="2" valign="top"><graphic xlink:href="x121d0b6.gfo-4_2_2-2"><object-id pub-id-type="fpi">+//ISO 9070/RA::A00007::GE::DIN German Institute for Standardization::Regulations//NONSGML EN 811:1996-10-00::Graphical form 4.2.2-2//EN</object-id><object-id pub-id-type="publisher-id">gfo-4.2.2-2</object-id></graphic></td><td content-type="rowsep colsep" align="right" char="" charoff="50" colspan="1" rowspan="1" valign="top"><inline-formula><mml:math id="mml_m12"><mml:mn>00</mml:mn></mml:math></inline-formula> &lt; <inline-formula><mml:math id="mml_m13"><mml:mi>e</mml:mi><mml:mspace width="thickmathspace"/><mml:mo>≤</mml:mo></mml:math></inline-formula> <inline-formula><mml:math id="mml_m14"><mml:mn>00</mml:mn></mml:math></inline-formula></td><td content-type="rowsep colsep" align="right" char="" charoff="50" colspan="1" rowspan="1" valign="top"><inline-formula><mml:math id="mml_m15"><mml:mo>≥</mml:mo><mml:mspace width="thickmathspace"/><mml:mn>000</mml:mn></mml:math></inline-formula></td><td content-type="rowsep colsep" align="right" char="" charoff="50" colspan="1" rowspan="1" valign="top"><inline-formula><mml:math id="mml_m16"><mml:mo>≥</mml:mo><mml:mspace width="thickmathspace"/><mml:mn>00</mml:mn></mml:math></inline-formula></td></tr><tr><td content-type="rowsep colsep" align="right" char="" charoff="50" colspan="1" rowspan="1" valign="top"><inline-formula><mml:math id="mml_m17"><mml:mn>00</mml:mn></mml:math></inline-formula> &lt; <inline-formula><mml:math id="mml_m18"><mml:mi>e</mml:mi><mml:mspace width="thickmathspace"/><mml:mo>≤</mml:mo></mml:math></inline-formula> <inline-formula><mml:math id="mml_m19"><mml:mn>00</mml:mn></mml:math></inline-formula></td><td content-type="rowsep colsep" align="right" char="" charoff="50" colspan="1" rowspan="1" valign="top"><inline-formula><mml:math id="mml_m20"><mml:mo>≥</mml:mo><mml:mspace width="thickmathspace"/><mml:mn>000</mml:mn></mml:math></inline-formula><xref ref-type="table-fn" rid="tab-1-foo-2"><sup>2</sup></xref></td><td content-type="rowsep colsep" align="right" char="" charoff="50" colspan="1" rowspan="1" valign="top"><inline-formula><mml:math id="mml_m21"><mml:mo>≥</mml:mo><mml:mspace width="thickmathspace"/><mml:mn>000</mml:mn></mml:math></inline-formula></td></tr><tr><td content-type="rowsep colsep" align="left" char="" charoff="50" colspan="1" rowspan="1" valign="top">Bein bis zum Knie</td><td content-type="rowsep colsep" align="left" char="" charoff="50" colspan="1" rowspan="1" valign="top"><graphic xlink:href="x121d0b6.gfo-4_2_2-3"><object-id pub-id-type="fpi">+//ISO 9070/RA::A00007::GE::DIN German Institute for Standardization::Regulations//NONSGML EN 811:1996-10-00::Graphical form 4.2.2-3//EN</object-id><object-id pub-id-type="publisher-id">gfo-4.2.2-3</object-id></graphic></td><td content-type="rowsep colsep" align="right" char="" charoff="50" colspan="1" rowspan="1" valign="top"><inline-formula><mml:math id="mml_m22"><mml:mn>00</mml:mn></mml:math></inline-formula> &lt; <inline-formula><mml:math id="mml_m23"><mml:mi>e</mml:mi><mml:mspace width="thickmathspace"/><mml:mo>≤</mml:mo></mml:math></inline-formula> <inline-formula><mml:math id="mml_m24"><mml:mn>00</mml:mn></mml:math></inline-formula></td><td content-type="rowsep colsep" align="right" char="" charoff="50" colspan="1" rowspan="1" valign="top"><inline-formula><mml:math id="mml_m25"><mml:mo>≥</mml:mo><mml:mspace width="thickmathspace"/><mml:mn>0000</mml:mn></mml:math></inline-formula><xref ref-type="table-fn" rid="tab-1-foo-3"><sup>3</sup></xref></td><td content-type="rowsep colsep" align="right" char="" charoff="50" colspan="1" rowspan="1" valign="top"><inline-formula><mml:math id="mml_m26"><mml:mo>≥</mml:mo><mml:mspace width="thickmathspace"/><mml:mn>000</mml:mn></mml:math></inline-formula><xref ref-type="table-fn" rid="tab-1-foo-2"><sup>2</sup></xref></td></tr><tr><td content-type="rowsep colsep" align="left" char="" charoff="50" colspan="1" rowspan="2" valign="top">Bein bis zum Schritt</td><td content-type="rowsep colsep" align="left" char="" charoff="50" colspan="1" rowspan="2" valign="top"><graphic xlink:href="x121d0b6.gfo-4_2_2-4"><object-id pub-id-type="fpi">+//ISO 9070/RA::A00007::GE::DIN German Institute for Standardization::Regulations//NONSGML EN 811:1996-10-00::Graphical form 4.2.2-4//EN</object-id><object-id pub-id-type="publisher-id">gfo-4.2.2-4</object-id></graphic></td><td content-type="rowsep colsep" align="right" char="" charoff="50" colspan="1" rowspan="1" valign="top"><inline-formula><mml:math id="mml_m27"><mml:mn>00</mml:mn></mml:math></inline-formula> &lt; <inline-formula><mml:math id="mml_m28"><mml:mi>e</mml:mi><mml:mspace width="thickmathspace"/><mml:mo>≤</mml:mo></mml:math></inline-formula> <inline-formula><mml:math id="mml_m29"><mml:mn>000</mml:mn></mml:math></inline-formula></td><td content-type="rowsep colsep" align="right" char="" charoff="50" colspan="1" rowspan="1" valign="top"><inline-formula><mml:math id="mml_m30"><mml:mo>≥</mml:mo><mml:mspace width="thickmathspace"/><mml:mn>0000</mml:mn></mml:math></inline-formula><xref ref-type="table-fn" rid="tab-1-foo-3"><sup>3</sup></xref></td><td content-type="rowsep colsep" align="right" char="" charoff="50" colspan="1" rowspan="1" valign="top"><inline-formula><mml:math id="mml_m31"><mml:mo>≥</mml:mo><mml:mspace width="thickmathspace"/><mml:mn>0000</mml:mn></mml:math></inline-formula><xref ref-type="table-fn" rid="tab-1-foo-3"><sup>3</sup></xref></td></tr><tr><td content-type="rowsep colsep" align="right" char="" charoff="50" colspan="1" rowspan="1" valign="top"><inline-formula><mml:math id="mml_m32"><mml:mn>000</mml:mn></mml:math></inline-formula> &lt; <inline-formula><mml:math id="mml_m33"><mml:mi>e</mml:mi><mml:mspace width="thickmathspace"/><mml:mo>≤</mml:mo></mml:math></inline-formula> <inline-formula><mml:math id="mml_m34"><mml:mn>000</mml:mn></mml:math></inline-formula></td><td content-type="rowsep colsep" align="center" char="" charoff="50" colspan="1" rowspan="1" valign="top">nicht zulässig</td><td content-type="rowsep colsep" align="right" char="" charoff="50" colspan="1" rowspan="1" valign="top"><inline-formula><mml:math id="mml_m35"><mml:mo>≥</mml:mo><mml:mspace width="thickmathspace"/><mml:mn>0000</mml:mn></mml:math></inline-formula><xref ref-type="table-fn" rid="tab-1-foo-3"><sup>3</sup></xref></td></tr></tbody></table><table-wrap-foot><fn-group specific-use="a"><fn id="tab-1-foo-1"><label>1</label><p>Wenn die Länge einer schlitzförmigen Öffnung <inline-formula><mml:math id="mml_m36"><mml:mo>≤</mml:mo><mml:mspace width="thickmathspace"/><mml:mn>00</mml:mn><mml:mspace width="thickmathspace"/><mml:mtext>mm</mml:mtext></mml:math></inline-formula> ist, kann der Sicherheitsabstand auf <inline-formula><mml:math id="mml_m37"><mml:mo>≥</mml:mo><mml:mspace width="thickmathspace"/><mml:mn>00</mml:mn><mml:mspace width="thickmathspace"/><mml:mtext>mm</mml:mtext></mml:math></inline-formula> reduziert werden.</p></fn><fn id="tab-1-foo-2"><label>2</label><p>Der Wert bezieht sich auf „Bein bis zum Knie“.</p></fn><fn id="tab-1-foo-3"><label>3</label><p>Der Wert bezieht sich auf „Bein bis zum Schritt“.</p></fn></fn-group></table-wrap-foot></table-wrap><fig id="fig-1" orientation="portrait"><label>Bild 1</label><caption><title/></caption><normative-note content-type="legend"><!--NISO STS 1.0 placeholder for the legend element--><def-list list-type="callout" specific-use="from-descriptive-list"><def-item><term id="fig-1-ite-1">1</term><def><p>Weite</p></def></def-item><def-item><term id="fig-1-ite-2">2</term><def><p>Seite</p></def></def-item><def-item><term id="fig-1-ite-3">3</term><def><p>Durchmesser</p></def></def-item></def-list></normative-note><graphic xlink:href="x121d0b6.fig-1"><object-id pub-id-type="fpi">+//ISO 9070/RA::A00007::GE::DIN German Institute for Standardization::Regulations//NONSGML EN 811:1996-10-00::Figure 1//EN</object-id><object-id pub-id-type="publisher-id">fig-1</object-id></graphic></fig></sec></sec></sec><sec id="sub-5" sec-type="clause"><label>5</label><title>Abstände zur Behinderung des freien Zugangs</title><p id="par-5-1">Eine schützende Konstruktion kann verwendet werden, um die freie Bewegung der unteren Gliedmaßen unter schützende Konstruktionen einzuschränken. Wenn diese Methode anzuwenden ist, sind Abstände in bezug auf die Höhe bis zur schützenden Konstruktion im <xref ref-type="sec" rid="sub-a">Anhang A</xref> angegeben.</p><non-normative-note id="not-5-1"><label>ANMERKUNG 1</label><p>Diese Methode gibt eingeschränkten Schutz, und in vielen Fällen werden andere Methoden besser geeignet sein.</p></non-normative-note><non-normative-note id="not-5-2"><label>ANMERKUNG 2</label><p>Zusätzliche Vorsichtsmaßnahmen können erforderlich werden, um den Zugang der oberen Gliedmaßen einzuschränken und/oder den Zugang des ganzen Körpers zum Gefahrbereich zu verhindern.</p></non-normative-note></sec></body><back><app-group><app id="sub-a" content-type="inform-annex"><label>Anhang A</label><annex-type>(informativ)</annex-type><title>Behinderung der freien Bewegung unter schützende Konstruktionen</title><fig id="fig-a.1" orientation="portrait"><label>Bild A.1</label><caption><title>Fall 1</title></caption><normative-note content-type="legend"><!--NISO STS 1.0 placeholder for the legend element--><def-list list-type="callout" specific-use="from-descriptive-list"><def-item><term id="fig-a.1-ite-1">1</term><def><p>Bezugsebene</p></def></def-item><def-item><term id="fig-a.1-ite-2">2</term><def><p>Hüftgelenk</p></def></def-item><def-item><term id="fig-a.1-ite-3">3</term><def><p>Schützende Konstruktion</p></def></def-item></def-list></normative-note><graphic xlink:href="x121d0b6.fig-a_1"><object-id pub-id-type="fpi">+//ISO 9070/RA::A00007::GE::DIN German Institute for Standardization::Regulations//NONSGML EN 811:1996-10-00::Figure A.1//EN</object-id><object-id pub-id-type="publisher-id">fig-a.1</object-id></graphic></fig><fig id="fig-a.2" orientation="portrait"><label>Bild A.2</label><caption><title>Fall 2</title></caption><normative-note content-type="legend"><!--NISO STS 1.0 placeholder for the legend element--><def-list list-type="callout" specific-use="from-descriptive-list"><def-item><term id="fig-a.2-ite-1">1</term><def><p>Bezugsebene</p></def></def-item><def-item><term id="fig-a.2-ite-2">2</term><def><p>Hüftgelenk</p></def></def-item><def-item><term id="fig-a.2-ite-3">3</term><def><p>Schützende Konstruktion</p></def></def-item></def-list></normative-note><graphic xlink:href="x121d0b6.fig-a_2"><object-id pub-id-type="fpi">+//ISO 9070/RA::A00007::GE::DIN German Institute for Standardization::Regulations//NONSGML EN 811:1996-10-00::Figure A.2//EN</object-id><object-id pub-id-type="publisher-id">fig-a.2</object-id></graphic></fig><fig id="fig-a.3" orientation="portrait"><label>Bild A.3</label><caption><title>Fall 3</title></caption><normative-note content-type="legend"><!--NISO STS 1.0 placeholder for the legend element--><def-list list-type="callout" specific-use="from-descriptive-list"><def-item><term id="fig-a.3-ite-1">1</term><def><p>Bezugsebene</p></def></def-item><def-item><term id="fig-a.3-ite-2">2</term><def><p>Hüftgelenk</p></def></def-item><def-item><term id="fig-a.3-ite-3">3</term><def><p>Schützende Konstruktion</p></def></def-item></def-list></normative-note><graphic xlink:href="x121d0b6.fig-a_3"><object-id pub-id-type="fpi">+//ISO 9070/RA::A00007::GE::DIN German Institute for Standardization::Regulations//NONSGML EN 811:1996-10-00::Figure A.3//EN</object-id><object-id pub-id-type="publisher-id">fig-a.3</object-id></graphic></fig><p id="par-a-1"><xref ref-type="table" rid="tab-a.1">Tabelle A.0</xref> enthält Abstände <inline-formula><mml:math id="mml_m38"><mml:mi>s</mml:mi></mml:math></inline-formula> für besondere Fälle, in denen Zugang der unteren Gliedmaßen für die in aufrechter Körperhaltung verbleibende Person (siehe <xref ref-type="fig" rid="fig-a.1 fig-a.2 fig-a.3">Bild A.0 bis Bild A.0</xref>) ohne irgendeine zusätzliche Hilfe vermieden ist.</p><p id="par-a-2">Wo ein Risiko durch Ausrutschen oder Mißbrauch besteht, kann die Anwendung der in <xref ref-type="table" rid="tab-a.1">Tabelle A.0</xref> angegebenen Werte ungeeignet sein.</p><p id="par-a-3">Es sollte keine Interpolation zwischen den Werten dieser Tabelle durchgeführt werden. Wenn die Höhe <inline-formula><mml:math id="mml_m39"><mml:mi>h</mml:mi></mml:math></inline-formula> bis zur schützenden Konstruktion zwischen zwei Werten liegt, sollte der Abstand für den höheren Wert von <inline-formula><mml:math id="mml_m40"><mml:mi>h</mml:mi></mml:math></inline-formula> angewendet werden.</p><table-wrap id="tab-a.1" orientation="portrait"><label>Tabelle A.1</label><caption><title/><p content-type="units">Maße in Millimeter</p></caption><table rules="none" frame="border"><col char="" charoff="50" span="1" width="6.600cm"/><col char="" charoff="50" span="1" width="3.500cm"/><col char="" charoff="50" span="1" width="3.500cm"/><col char="" charoff="50" span="1" width="3.500cm"/><thead char="" charoff="50"><tr><th content-type="rowsep colsep" align="center" char="" charoff="50" colspan="1" rowspan="2" valign="middle">Höhe bis zur schützenden Konstruktion <inline-formula><mml:math id="mml_m41"><mml:mi>h</mml:mi></mml:math></inline-formula></th><th colspan="3" content-type="norowsep colsep" align="center" char="" charoff="50" rowspan="1" valign="middle">Abstand <inline-formula><mml:math id="mml_m42"><mml:mi>s</mml:mi></mml:math></inline-formula></th></tr><tr><th content-type="rowsep colsep" align="center" char="" charoff="50" colspan="1" rowspan="1" valign="middle">Fall 1</th><th content-type="rowsep colsep" align="center" char="" charoff="50" colspan="1" rowspan="1" valign="middle">Fall 2</th><th content-type="rowsep colsep" align="center" char="" charoff="50" colspan="1" rowspan="1" valign="middle">Fall 3</th></tr></thead><tbody char="" charoff="50"><tr><td content-type="rowsep colsep" align="center" char="" charoff="50" colspan="1" rowspan="1" valign="top"><inline-formula><mml:math id="mml_m43"><mml:mi>h</mml:mi><mml:mspace width="thickmathspace"/><mml:mo>≤</mml:mo><mml:mspace width="thickmathspace"/><mml:mn>000</mml:mn></mml:math></inline-formula></td><td content-type="rowsep colsep" align="center" char="" charoff="50" colspan="1" rowspan="1" valign="top"><inline-formula><mml:math id="mml_m44"><mml:mo>≥</mml:mo><mml:mspace width="thickmathspace"/><mml:mn>000</mml:mn></mml:math></inline-formula></td><td content-type="rowsep colsep" align="center" char="" charoff="50" colspan="1" rowspan="1" valign="top"><inline-formula><mml:math id="mml_m45"><mml:mo>≥</mml:mo><mml:mspace width="thickmathspace"/><mml:mn>000</mml:mn></mml:math></inline-formula></td><td content-type="rowsep colsep" align="center" char="" charoff="50" colspan="1" rowspan="1" valign="top"><inline-formula><mml:math id="mml_m46"><mml:mo>≥</mml:mo><mml:mspace width="thickmathspace"/><mml:mn>000</mml:mn></mml:math></inline-formula></td></tr><tr><td content-type="rowsep colsep" align="center" char="" charoff="50" colspan="1" rowspan="1" valign="top"><inline-formula><mml:math id="mml_m47"><mml:mn>000</mml:mn><mml:mspace width="thickmathspace"/><mml:mo>&lt;</mml:mo><mml:mspace width="thickmathspace"/><mml:mi>h</mml:mi><mml:mspace width="thickmathspace"/><mml:mo>≤</mml:mo><mml:mspace width="thickmathspace"/><mml:mn>000</mml:mn></mml:math></inline-formula></td><td content-type="rowsep colsep" align="center" char="" charoff="50" colspan="1" rowspan="1" valign="top"><inline-formula><mml:math id="mml_m48"><mml:mo>≥</mml:mo><mml:mspace width="thickmathspace"/><mml:mn>000</mml:mn></mml:math></inline-formula></td><td content-type="rowsep colsep" align="center" char="" charoff="50" colspan="1" rowspan="1" valign="top"><inline-formula><mml:math id="mml_m49"><mml:mo>≥</mml:mo><mml:mspace width="thickmathspace"/><mml:mn>000</mml:mn></mml:math></inline-formula></td><td content-type="rowsep colsep" align="center" char="" charoff="50" colspan="1" rowspan="1" valign="top"><inline-formula><mml:math id="mml_m50"><mml:mo>≥</mml:mo><mml:mspace width="thickmathspace"/><mml:mn>000</mml:mn></mml:math></inline-formula></td></tr><tr><td content-type="rowsep colsep" align="center" char="" charoff="50" colspan="1" rowspan="1" valign="top"><inline-formula><mml:math id="mml_m51"><mml:mn>000</mml:mn><mml:mspace width="thickmathspace"/><mml:mo>&lt;</mml:mo><mml:mspace width="thickmathspace"/><mml:mi>h</mml:mi><mml:mspace width="thickmathspace"/><mml:mo>≤</mml:mo><mml:mspace width="thickmathspace"/><mml:mn>000</mml:mn></mml:math></inline-formula></td><td content-type="rowsep colsep" align="center" char="" charoff="50" colspan="1" rowspan="1" valign="top"><inline-formula><mml:math id="mml_m52"><mml:mo>≥</mml:mo><mml:mspace width="thickmathspace"/><mml:mn>000</mml:mn></mml:math></inline-formula></td><td content-type="rowsep colsep" align="center" char="" charoff="50" colspan="1" rowspan="1" valign="top"><inline-formula><mml:math id="mml_m53"><mml:mo>≥</mml:mo><mml:mspace width="thickmathspace"/><mml:mn>000</mml:mn></mml:math></inline-formula></td><td content-type="rowsep colsep" align="center" char="" charoff="50" colspan="1" rowspan="1" valign="top"><inline-formula><mml:math id="mml_m54"><mml:mo>≥</mml:mo><mml:mspace width="thickmathspace"/><mml:mn>000</mml:mn></mml:math></inline-formula></td></tr><tr><td content-type="rowsep colsep" align="center" char="" charoff="50" colspan="1" rowspan="1" valign="top"><inline-formula><mml:math id="mml_m55"><mml:mn>000</mml:mn><mml:mspace width="thickmathspace"/><mml:mo>&lt;</mml:mo><mml:mspace width="thickmathspace"/><mml:mi>h</mml:mi><mml:mspace width="thickmathspace"/><mml:mo>≤</mml:mo><mml:mspace width="thickmathspace"/><mml:mn>000</mml:mn></mml:math></inline-formula></td><td content-type="rowsep colsep" align="center" char="" charoff="50" colspan="1" rowspan="1" valign="top"><inline-formula><mml:math id="mml_m56"><mml:mo>≥</mml:mo><mml:mspace width="thickmathspace"/><mml:mn>000</mml:mn></mml:math></inline-formula></td><td content-type="rowsep colsep" align="center" char="" charoff="50" colspan="1" rowspan="1" valign="top"><inline-formula><mml:math id="mml_m57"><mml:mo>≥</mml:mo><mml:mspace width="thickmathspace"/><mml:mn>000</mml:mn></mml:math></inline-formula></td><td content-type="rowsep colsep" align="center" char="" charoff="50" colspan="1" rowspan="1" valign="top"><inline-formula><mml:math id="mml_m58"><mml:mo>≥</mml:mo><mml:mspace width="thickmathspace"/><mml:mn>000</mml:mn></mml:math></inline-formula></td></tr><tr><td content-type="rowsep colsep" align="center" char="" charoff="50" colspan="1" rowspan="1" valign="top"><inline-formula><mml:math id="mml_m59"><mml:mn>000</mml:mn><mml:mspace width="thickmathspace"/><mml:mo>&lt;</mml:mo><mml:mspace width="thickmathspace"/><mml:mi>h</mml:mi><mml:mspace width="thickmathspace"/><mml:mo>≤</mml:mo><mml:mspace width="thickmathspace"/><mml:mn>0000</mml:mn></mml:math></inline-formula></td><td content-type="rowsep colsep" align="center" char="" charoff="50" colspan="1" rowspan="1" valign="top"><inline-formula><mml:math id="mml_m60"><mml:mo>≥</mml:mo><mml:mspace width="thickmathspace"/><mml:mn>0000</mml:mn></mml:math></inline-formula></td><td content-type="rowsep colsep" align="center" char="" charoff="50" colspan="1" rowspan="1" valign="top"><inline-formula><mml:math id="mml_m61"><mml:mo>≥</mml:mo><mml:mspace width="thickmathspace"/><mml:mn>0000</mml:mn></mml:math></inline-formula></td><td content-type="rowsep colsep" align="center" char="" charoff="50" colspan="1" rowspan="1" valign="top"><inline-formula><mml:math id="mml_m62"><mml:mo>≥</mml:mo><mml:mspace width="thickmathspace"/><mml:mn>0000</mml:mn></mml:math></inline-formula></td></tr></tbody></table></table-wrap></app><app id="sub-za" content-type="inform-annex"><label>Anhang ZA</label><annex-type>(informativ)</annex-type><title>Abschnitte in dieser Europäischen Norm, die grundlegende oder andere Vorgaben von EU-Richtlinien betreffen</title><p id="par-za-1">Diese Europäische Norm wurde im Rahmen eines Mandates, das dem CEN von der Europäischen Kommission und der Europäischen Freihandelszone erteilt wurde, erarbeitet und unterstützt grundlegende Anforderungen der EU-Richtlinien:<list list-type="simple" specific-use="unordered.list none"><list-item><p>Richtlinie des Rates vom 14. Juni 1989 zur Angleichung der Rechtsvorschriften der Mitgliedstaaten für Maschinen (<xref ref-type="bibr" rid="nla-reg-8">00/000/EWG</xref>)</p></list-item><list-item><p>Richtlinie des Rates vom 20. Juni 1991 zur Änderung der Richtlinie <xref ref-type="bibr" rid="nla-reg-8">00/000/EWG</xref> zur Angleichung der Rechtsvorschriften der Mitgliedstaaten für Maschinen (<xref ref-type="bibr" rid="nla-reg-9">00/000/EWG</xref>)</p></list-item><list-item><p>Richtlinie des Rates vom 14. Juni 1993 zur Änderung der Richtlinie <xref ref-type="bibr" rid="nla-reg-8">00/000/EWG</xref> zur Angleichung der Rechtsvorschriften der Mitgliedstaaten für Maschinen (<xref ref-type="bibr" rid="nla-reg-10">00/00/EWG</xref>)</p></list-item></list></p><p id="par-za-2">Die Abschnitte dieser Norm sind geeignet, die Anforderungen der drei oben genannten Richtlinien zu unterstützen.<non-normative-note content-type="warning"><label>WARNHINWEIS</label><p>Für Produkte, die in den Anwendungsbereich dieser Norm fallen, können weitere Anforderungen und weitere EU-Richtlinien anwendbar sein.</p></non-normative-note></p><p id="par-za-3">Die Übereinstimmung mit dieser Norm ist eine Möglichkeit, die relevanten grundlegenden Anforderungen der betreffenden Richtlinien und der zugehörigen EFTA-Vorschriften zu erfüllen.</p></app></app-group><sec specific-use="index" id="sec_index"><title>Stichwortverzeichnis</title></sec></back></standard></adoption>