<?xml version="1.0" encoding="UTF-8"?>
<!DOCTYPE adoption
  PUBLIC "-//NISO//DTD NISO STS Interchange Tag Set (NISO STS) DTD with MathML 3.0 v1.0 20171031//EN" "NISO-STS-interchange-1-mathml3.dtd">
<adoption xmlns:mml="http://www.w3.org/1998/Math/MathML" xmlns:tbx="urn:iso:std:iso:30042:ed-1" xmlns:xlink="http://www.w3.org/1999/xlink" xml:lang="en"><adoption-front><std-meta id="profile.nat"><title-wrap xml:lang="de"><intro>Sicherheit von Maschinen</intro><main>Sicherheitsabstände gegen das Erreichen von Gefahrstellen mit den unteren Gliedmaßen</main><full>Sicherheit von Maschinen — Sicherheitsabstände gegen das Erreichen von Gefahrstellen mit den unteren Gliedmaßen — Englische Fassung der <std>DIN EN 000:0000</std></full></title-wrap><title-wrap xml:lang="en"><intro>Safety of machinery</intro><main>Safety distances to prevent danger zones being reached by the lower limbs</main><full>Safety of machinery — Safety distances to prevent danger zones being reached by the lower limbs — English version of <std>DIN EN 000:0000</std></full></title-wrap><title-wrap xml:lang="fr"><intro>Sécurité des machines</intro><main>Distances de sécurité pour empêcher l’atteinte des zones dangereuses par les membres inférieurs</main><full>Sécurité des machines — Distances de sécurité pour empêcher l’atteinte des zones dangereuses par les membres inférieurs — Version anglais de <std>DIN EN 000:0000</std></full></title-wrap><release-version>n</release-version><std-ident><originator>DIN</originator><doc-type>st</doc-type><doc-number>811</doc-number><edition/><version/><std-id-group><std-id std-id-type="dated" std-id-link-type="internal-pub-id" specific-use="xmlkey">e121d2fe</std-id></std-id-group></std-ident><content-language>en</content-language><std-ref type="undated">DIN EN 811</std-ref><std-ref type="dated">DIN EN 811:1996-12</std-ref><doc-ref>DIN EN 811</doc-ref><release-date>1996-12</release-date><ics>13.110</ics><permissions><copyright-statement>© No part of this standard may be reproduced without the prior permission of DIN Deutsches Institut für Normung e. V., Berlin</copyright-statement><copyright-year>1996</copyright-year><copyright-holder>DIN</copyright-holder></permissions><kwd-group xml:lang="en"><kwd>Safety</kwd><kwd>distances</kwd><kwd>machinery</kwd></kwd-group><meta-note content-type="status" id="status.note.nat"><p>European Standard <std>EN 000:0000</std> has the status of a DIN Standard.</p></meta-note><meta-note content-type="publication.note" id="publication.note.nat"><p>WARNING: THIS DOCUMENT IS ONLY A TEST VARIANT. TO PRESERVE EVENTUAL COPYRIGHTS OF THE ORIGINAL DOCUMENT, THE CONTENT OF THIS VARIANT HAS BEEN INVALIDATED. USE ONLY FOR TESTING BUT NOT IN PRACTISE!</p></meta-note><custom-meta-group><custom-meta><meta-name>beuth-tr-role</meta-name><meta-value>standard.din</meta-value></custom-meta><custom-meta xml:lang="de"><meta-name>title.text</meta-name><meta-value>Englische Fassung der DIN EN 000:0000</meta-value></custom-meta><custom-meta xml:lang="en"><meta-name>title.text</meta-name><meta-value>English version of DIN EN 000:0000</meta-value></custom-meta><custom-meta xml:lang="fr"><meta-name>title.text</meta-name><meta-value>Version anglais de DIN EN 000:0000</meta-value></custom-meta><custom-meta><meta-name>price</meta-name><meta-value>06</meta-value></custom-meta><custom-meta><meta-name>sales.number</meta-name><meta-value>1106</meta-value></custom-meta><custom-meta xml:lang="en"><meta-name>supply</meta-name><meta-value>Beuth Verlag GmbH, Berlin, has the exclusive right of sale for German Standards (DIN-Normen)</meta-value></custom-meta><custom-meta><meta-name>erfasst</meta-name><meta-value>nil</meta-value></custom-meta><custom-meta><meta-name>gelesen</meta-name><meta-value>---</meta-value></custom-meta><custom-meta><meta-name>geprueft</meta-name><meta-value>nil</meta-value></custom-meta><custom-meta><meta-name>qualitaet</meta-name><meta-value>1</meta-value></custom-meta><custom-meta><meta-name>xhtml.level.mobile</meta-name><meta-value>6</meta-value></custom-meta><custom-meta><meta-name>xhtml.level.online</meta-name><meta-value>1</meta-value></custom-meta><custom-meta><meta-name>tr3k2sts.revision</meta-name><meta-value>rUNKNOWN</meta-value></custom-meta><custom-meta><meta-name>tr3k2sts.generation.date</meta-name><meta-value>2025-02-21T12:38:12Z</meta-value></custom-meta></custom-meta-group></std-meta><sec sec-type="foreword" specific-use="foreword.nat" id="foreword.nat"><label/><title>National foreword</title><p>This standard includes safety requirements within the meaning of the Gerätesicherheitsgesetz (German Equipment Safety Law).</p><p>This standard has been prepared by CEN/TC 114.</p><p>The responsible German body involved in its preparation was the Normenausschuß Sicherheitstechnische Grundsätze (Safety Design Principles Standards Committee), Technical Committee Sicherheitsabstände.</p></sec></adoption-front><standard id="e121d0b6" xml:lang="en"><front><std-meta id="profile.reg"><title-wrap xml:lang="de"><intro>Sicherheit von Maschinen</intro><main>Sicherheitsabstände gegen das Erreichen von Gefahrstellen mit den unteren Gliedmaßen</main><full>Sicherheit von Maschinen — Sicherheitsabstände gegen das Erreichen von Gefahrstellen mit den unteren Gliedmaßen</full></title-wrap><title-wrap xml:lang="en"><intro>Safety of machinery</intro><main>Safety distances to prevent danger zones being reached by the lower limbs</main><full>Safety of machinery — Safety distances to prevent danger zones being reached by the lower limbs</full></title-wrap><title-wrap xml:lang="fr"><intro>Sécurité des machines</intro><main>Distances de sécurité pour empêcher l’atteinte des zones dangereuses par les membres inférieurs</main><full>Sécurité des machines — Distances de sécurité pour empêcher l’atteinte des zones dangereuses par les membres inférieurs</full></title-wrap><release-version>n</release-version><std-ident><originator>CEN</originator><doc-type>st</doc-type><doc-number>811</doc-number><edition/><version/><std-id-group><std-id std-id-type="dated" std-id-link-type="internal-pub-id" specific-use="xmlkey">e121d0b6</std-id></std-id-group></std-ident><content-language>en</content-language><std-ref type="undated">EN 811</std-ref><std-ref type="dated">EN 811:1996-10</std-ref><doc-ref>EN 811</doc-ref><release-date>1996-10</release-date><ics>13.110</ics><permissions><copyright-statement>© 1996 CEN — All rights of exploitation in any form and by any means reserved worldwide for CEN national members.</copyright-statement><copyright-year>1996</copyright-year><copyright-holder>CEN</copyright-holder></permissions><kwd-group xml:lang="en"><kwd>Safety</kwd><kwd>distances</kwd><kwd>machinery</kwd></kwd-group><meta-note content-type="standard.text"><p>This European Standard was approved by CEN on 1996-08-31 and is identical to the ISO Standard as referred to.</p><p>CEN members are bound to comply with the CEN/CENELEC Internal Regulations which stipulate the conditions for giving this European Standard the status of a national standard without any alteration.</p><p>Up-to-date lists and bibliographical references concerning such national standards may be obtained on application to the Central Secretariat or to any CEN member.</p><p>This European Standard exists in three official versions (English, French, German). A version in any other language made by translation under the responsibility of a CEN member into its own language and notified to the Central Secretariat has the same status as the official versions.</p><p>CEN members are the national standards bodies of Austria, Belgium, Denmark, Finland, France, Germany, Greece, Iceland, Ireland, Italy, Luxembourg, Netherlands, Norway, Portugal, Spain, Sweden, Switzerland and United Kingdom.</p></meta-note><custom-meta-group><custom-meta><meta-name>beuth-tr-role</meta-name><meta-value>standard.eur</meta-value></custom-meta><custom-meta><meta-name>qualitaet</meta-name><meta-value>1</meta-value></custom-meta><custom-meta><meta-name>tr3k2sts.revision</meta-name><meta-value>rUNKNOWN</meta-value></custom-meta><custom-meta><meta-name>tr3k2sts.generation.date</meta-name><meta-value>2025-02-21T12:38:12Z</meta-value></custom-meta></custom-meta-group></std-meta><notes notes-type="bibl" specific-use="centralized-citations"><ref-list content-type="invisible-citation-list"><ref id="nla-reg-1"><std><std-id-group><std-id std-id-link-type="internal-pub-id" std-id-type="undated">x121b1f9</std-id><std-id std-id-link-type="fpi" std-id-type="undated">+//ISO 9070/RA::A00007::GE::DIN German Institute for Standardization::Regulations//DOCUMENT EN 414//EN</std-id></std-id-group></std></ref><ref id="nla-reg-2"><std><std-id-group><std-id std-id-link-type="internal-pub-id" std-id-type="undated">x120c095</std-id><std-id std-id-link-type="fpi" std-id-type="undated">+//ISO 9070/RA::A00007::GE::DIN German Institute for Standardization::Regulations//DOCUMENT EN 292-1//EN</std-id></std-id-group></std></ref><ref id="nla-reg-3"><std><std-id-group><std-id std-id-link-type="internal-pub-id" std-id-type="undated">x120e0f8</std-id><std-id std-id-link-type="fpi" std-id-type="undated">+//ISO 9070/RA::A00007::GE::DIN German Institute for Standardization::Regulations//DOCUMENT EN 294//EN</std-id></std-id-group></std></ref><ref id="nla-reg-4"><std><std-id std-id-link-type="internal-pub-id" std-id-type="dated">e120e0f8#tab-5</std-id></std></ref><ref id="nla-reg-5"><std><std-id-group><std-id std-id-link-type="internal-pub-id" std-id-type="dated">e120e0f8</std-id><std-id std-id-link-type="fpi" std-id-type="dated">+//ISO 9070/RA::A00007::GE::DIN German Institute for Standardization::Regulations//DOCUMENT EN 294:1992-06-00//EN</std-id></std-id-group></std></ref><ref id="nla-reg-6"><std><std-id-group><std-id std-id-link-type="internal-pub-id" std-id-type="undated">x121a707</std-id><std-id std-id-link-type="fpi" std-id-type="undated">+//ISO 9070/RA::A00007::GE::DIN German Institute for Standardization::Regulations//DOCUMENT EN 1050//EN</std-id></std-id-group></std></ref><ref id="nla-reg-7"><std><std-id std-id-link-type="internal-pub-id" std-id-type="dated">e120e0f8#tab-4</std-id></std></ref><ref id="nla-reg-8"><std><std-id-group><std-id std-id-link-type="internal-pub-id" std-id-type="undated">x1207851</std-id><std-id std-id-link-type="fpi" std-id-type="undated">+//ISO 9070/RA::A00007::GE::DIN German Institute for Standardization::Regulations//DOCUMENT 89/392/EWG//EN</std-id></std-id-group></std></ref><ref id="nla-reg-9"><std><std-id-group><std-id std-id-link-type="internal-pub-id" std-id-type="undated">x120becd</std-id><std-id std-id-link-type="fpi" std-id-type="undated">+//ISO 9070/RA::A00007::GE::DIN German Institute for Standardization::Regulations//DOCUMENT 91/368/EWG//EN</std-id></std-id-group></std></ref><ref id="nla-reg-10"><std><std-id-group><std-id std-id-link-type="internal-pub-id" std-id-type="undated">x1211155</std-id><std-id std-id-link-type="fpi" std-id-type="undated">+//ISO 9070/RA::A00007::GE::DIN German Institute for Standardization::Regulations//DOCUMENT 93/44/EWG//EN</std-id></std-id-group></std></ref></ref-list></notes><sec specific-use="contents"><title>Inhalt</title></sec><sec sec-type="foreword" specific-use="foreword.reg" id="foreword.reg"><label/><title>Foreword</title><p>This European Standard has been prepared by Technical Committee CEN/TC 114 “Safety of machinery”, the secretariat of which is held by DIN.</p><p>This European Standard shall be given the status of a national standard, either by publication of an identical text or by endorsement, at the latest by 1997-04, and conflicting national standards shall be withdrawn at the latest by 1997-04.</p><p>This European Standard has been prepared under a mandate given to CEN by the European Commission and the European Free Trade Association, and supports essential requirements of EU Directive/s).</p><p>For relationship with EU Directive(s), see informative <xref ref-type="sec" rid="sub-za">Annex ZA</xref>, which is an integral part of this standard.</p><p>This European Standard is a Type-B1 standard in accordance with <xref ref-type="bibr" rid="nla-reg-1">EN 000</xref>.</p><p>According to the CEN/CENELEC Internal Regulations, the national standards organizations of the following countries are bound to implement this European Standard: Austria, Belgium, Denmark, Finland, France, Germany, Greece, Iceland, Ireland, Italy, Luxembourg, Netherlands, Norway, Portugal, Spain, Sweden, Switzerland and the United Kingdom.</p></sec><sec sec-type="intro" specific-use="introduction.reg" id="introduction.reg"><label/><title>0 Introduction</title><p>In accordance with <xref ref-type="bibr" rid="nla-reg-2">EN 000-0</xref>, in general machinery is said to be safe if it is probable that the machinery can perform its function, to be transported, installed, adjusted, maintained, dismantled and disposed of under the conditions of its intended use without causing injury or damaging human health.</p><p>One method of eliminating or reducing risks caused by machinery is to make use of safety distances preventing danger zones from being reached.</p><p>Sometimes reasonably foreseeable reach situations can occur, e. g. while persons<list list-type="dash" specific-use="unordered.list dash"><list-item><label>–</label><p>try to use a foot to clean out discharge and/or feed openings or</p></list-item><list-item><label>–</label><p>operate pedestrian controlled machinery.</p></list-item></list></p><p>This standard specifies safety distances only for the lower limbs. Safety distances for the upper limbs are covered by <xref ref-type="bibr" rid="nla-reg-3">EN 000</xref>.</p><p>In specifying safety distances to prevent access (see <xref ref-type="sec" rid="sub-4">clause 0</xref>) and distances to impede free access (see <xref ref-type="sec" rid="sub-5">clause 0</xref>) a number of aspects have to be taken into consideration, such as:<list list-type="dash" specific-use="unordered.list dash"><list-item><label>–</label><p>reach situations of the lower limbs occurring when machinery is being used;</p></list-item><list-item><label>–</label><p>anthropometric data taking into account ethnic graups likely to be found in European countries;</p></list-item><list-item><label>–</label><p>bio-mechanical facts, such as compression and stretching of parts of the human body and limits of joint rotation;</p></list-item><list-item><label>–</label><p>technical and practical aspects.</p></list-item></list></p><p>If these aspacts are further developed the current state of the art, refected in this standard, could be improved.</p></sec></front><body><sec id="sub-1" sec-type="scope"><label>1</label><title>Scope</title><p id="par-1-1">This European Standard specifies values for safety distances to prevent access and distances to impede free access by the lower limbs of persons of 14 years of age and above. The values are based on practical experience which has been found to be adequate for this group of persons.</p><p id="par-1-2">The distances apply when adequate safety can be achieved by distance alone and when access by the upper limbs is not foreseeable according to the risk assessment.</p><non-normative-note id="not-1-1"><label>NOTE 1</label><p>These distances will not provide sufficient protection against certain hazards, for example radiation and emission of substances. For such hazards additional or other measures can be necessary.</p></non-normative-note><p id="par-1-3">The safety distances to prevent access relate to openings and protect those persons trying to reach danger zones under the conditions specified for the different reaching situations. Sometimes a reasonably foreseeable approach to danger zones can occar while persons try to use a foot to clean out discharge and/or feed openings or operate pedestrian controlled machinery.</p><p id="par-1-4">The distances to impede free access relate to the height up to the protective structure and reduce risk to persons by limiting the free movement of the lower limbs.</p><p id="par-1-5">If persons below 14 years of age are to be taken into account it is not relevant to establish values other than those for upper limbs. Then the safety distances to prevent danger zones being reached by the upper limbs derived from <xref ref-type="bibr" rid="nla-reg-4">EN 000:0000, table 0</xref> will apply.</p><p id="par-1-6">For certain applications there are justifiable reasons to deviate from these distances. Standards dealing with these applications should indicate how adequate safety can be achieved.</p></sec><sec id="sub-2" sec-type="norm-refs"><label>2</label><title>Normative references</title><p id="par-2-1">This European Standard incorporates by dated or undated reference, provisions from other publications. These normative references are cited at the appropriate places in the text and the publications are listed hereafter. For dated references, subsequent amendments to or revisions of any of these publications apply to this European Standard only when incorporated in it by amendment or revision. For undated references the latest edition of the publication referred to applies.</p><ref-list specific-use="list.of.documents" content-type="non-numbered"><ref content-type="standard" id="nor-2-1"><std><std-id-group><std-id std-id-link-type="internal-pub-id" std-id-type="undated">x120c095</std-id><std-id std-id-link-type="fpi" std-id-type="undated">+//ISO 9070/RA::A00007::GE::DIN German Institute for Standardization::Regulations//DOCUMENT EN 292-1//EN</std-id></std-id-group><std-ref type="undated">EN 000-0</std-ref>, <title>Safety of machinery — Basic concepts, general principles for design — Part 1: Basic terminology, methodology</title></std></ref><ref content-type="standard" id="nor-2-2"><std><std-id-group><std-id std-id-link-type="internal-pub-id" std-id-type="dated">e120e0f8</std-id><std-id std-id-link-type="fpi" std-id-type="dated">+//ISO 9070/RA::A00007::GE::DIN German Institute for Standardization::Regulations//DOCUMENT EN 294:1992-06-00//EN</std-id></std-id-group><std-ref type="dated">EN 000:0000</std-ref>, <title>Safety of machinery — Safety distances to prevent danger zones being reached by the upper limbs</title></std></ref><ref content-type="standard" id="nor-2-3"><std><std-id-group><std-id std-id-link-type="internal-pub-id" std-id-type="undated">x121a707</std-id><std-id std-id-link-type="fpi" std-id-type="undated">+//ISO 9070/RA::A00007::GE::DIN German Institute for Standardization::Regulations//DOCUMENT EN 1050//EN</std-id></std-id-group><std-ref type="undated">EN 0000</std-ref>, <title>Safety of machinery — Principles for risk assessment</title></std></ref></ref-list></sec><sec id="sub-3" sec-type="clause"><label>3</label><title>Definitions</title><p id="par-3-1">For the purposes of this standard the definitions given in <xref ref-type="bibr" rid="nla-reg-2">EN 000-0</xref> and <xref ref-type="bibr" rid="nla-reg-3">EN 000</xref> apply.</p></sec><sec id="sub-4" sec-type="clause"><label>4</label><title>Safety distances to prevent access</title><sec id="sub-4.1" sec-type="clause"><label>4.1</label><title>General</title><sec id="sub-4.1.1" sec-type="clause"><label>4.1.1</label><title>Assumptions</title><p id="par-4.1.1-1">The safety distances have been derived by making the following assumptions:<list list-type="dash" specific-use="unordered.list dash"><list-item><label>–</label><p>The protective structures and any openings in them retain their shape and position. Otherwise further consideration shall be given to achieve adequate safety.</p></list-item><list-item><label>–</label><p>Safety distances are measured from the surface restricting the body or the relevant part of the body.</p></list-item></list></p></sec><sec id="sub-4.1.2" sec-type="clause"><label>4.1.2</label><title>Risk assessment</title><p id="par-4.1.2-1">Determination of the required safety distance for reaching danger zones shall depend on a risk assessment (see <xref ref-type="bibr" rid="nla-reg-2">EN 000-0</xref> and <xref ref-type="bibr" rid="nla-reg-6">EN 0000</xref>).</p><p id="par-4.1.2-2">This European Standard shall be used if the risk assessment justifies that there is only a risk to the lower limbs. Where there is a risk to both upper and lower limbs, then for a given opening the largest safety distance given in <xref ref-type="table" rid="tab-1">table 0</xref> of this standard or in <xref ref-type="bibr" rid="nla-reg-7">EN 000:0000, table 0</xref> shall be used.</p></sec></sec><sec id="sub-4.2" sec-type="clause"><label>4.2</label><title>Reaching through openings for the lower limbs</title><p id="par-4.2-1">The safety distances <inline-formula><mml:math id="mml_m1"><mml:mi>sr</mml:mi></mml:math></inline-formula> given in <xref ref-type="table" rid="tab-1">table 0</xref> apply to persons reaching through openings in an attempt to reach a danger zone.</p><sec id="sub-4.2.1" sec-type="clause"><label>4.2.1</label><title>Regular openings</title><p id="par-4.2.1-1">The dimension <inline-formula><mml:math id="mml_m2"><mml:mi>e</mml:mi></mml:math></inline-formula> of openings corresponds to the side of a square opening, the diameter of a round opening and the narrowest dimension of a slot opening.</p><p id="par-4.2.1-2">Slot openings <inline-formula><mml:math id="mml_m3"><mml:mo>&gt;</mml:mo><mml:mspace width="thickmathspace"/><mml:mn>000</mml:mn><mml:mspace width="thickmathspace"/><mml:mtext>mm</mml:mtext></mml:math></inline-formula> and square or round openings <inline-formula><mml:math id="mml_m4"><mml:mo>&gt;</mml:mo><mml:mspace width="thickmathspace"/><mml:mn>000</mml:mn><mml:mspace width="thickmathspace"/><mml:mtext>mm</mml:mtext></mml:math></inline-formula> will allow access for the whole body.</p><p id="par-4.2.1-3">The values given in <xref ref-type="table" rid="tab-1">table 0</xref> are independent of whether clothing or footwear is being worn.</p></sec><sec id="sub-4.2.2" sec-type="clause"><label>4.2.2</label><title>Irregular openings</title><p id="par-4.2.2-1">In case of irregular openings the following steps shall be carried out:<list list-type="alpha-lower" specific-use="ordered.list alphabetic"><list-item><label>a</label><p>Determine first:<list list-type="dash" specific-use="unordered.list dash"><list-item><label>–</label><p>the diameter of the smallest round opening and</p></list-item><list-item><label>–</label><p>the side of the smallest square opening and</p></list-item><list-item><label>–</label><p>the width of the narrowest slot opening</p></list-item></list>into which the irregular opening can be completely inserted (see hached area in <xref ref-type="fig" rid="fig-1">figure 0</xref>).</p></list-item><list-item><label>b</label><p>Select the corresponding three safety distances in accordance with <xref ref-type="table" rid="tab-1">table 0</xref>.</p></list-item><list-item><label>c</label><p>The shortest safety distance of the three values selected in b) can be used.</p></list-item></list></p><table-wrap id="tab-1" orientation="portrait"><label>Table 1</label><caption><title/><p content-type="units">Dimensions in millimetres</p></caption><table rules="none" frame="border"><col char="" charoff="50" span="1" width="2.700cm"/><col char="" charoff="50" span="1" width="6.000cm"/><col char="" charoff="50" span="1" width="2.800cm"/><col char="" charoff="50" span="1" width="2.800cm"/><col char="" charoff="50" span="1" width="2.800cm"/><thead char="" charoff="50"><tr><th content-type="rowsep colsep" align="center" char="" charoff="50" colspan="1" rowspan="2" valign="middle">Part of lower limb</th><th content-type="rowsep colsep" align="center" char="" charoff="50" colspan="1" rowspan="2" valign="middle">Illustration</th><th content-type="rowsep colsep" align="center" char="" charoff="50" colspan="1" rowspan="2" valign="middle">Opening</th><th colspan="2" content-type="norowsep colsep" align="center" char="" charoff="50" rowspan="1" valign="middle">Safety distance <inline-formula><mml:math id="mml_m5"><mml:mi>sr</mml:mi></mml:math></inline-formula></th></tr><tr><th content-type="rowsep colsep" align="center" char="" charoff="50" colspan="1" rowspan="1" valign="middle">Slot</th><th content-type="rowsep colsep" align="center" char="" charoff="50" colspan="1" rowspan="1" valign="middle">Square or Round</th></tr></thead><tbody char="" charoff="50"><tr><td content-type="rowsep colsep" align="left" char="" charoff="50" colspan="1" rowspan="1" valign="top">Toe tip</td><td content-type="rowsep colsep" align="left" char="" charoff="50" colspan="1" rowspan="3" valign="top"><graphic xlink:href="x121d0b6.gfo-4_2_2-1"><object-id pub-id-type="fpi">+//ISO 9070/RA::A00007::GE::DIN German Institute for Standardization::Regulations//NONSGML EN 811:1996-10-00::Graphical form 4.2.2-1//EN</object-id><object-id pub-id-type="publisher-id">gfo-4.2.2-1</object-id></graphic></td><td content-type="rowsep colsep" align="right" char="" charoff="50" colspan="1" rowspan="1" valign="top"><inline-formula><mml:math id="mml_m6"><mml:mi>e</mml:mi><mml:mspace width="thickmathspace"/><mml:mo>≤</mml:mo><mml:mspace width="thickmathspace"/><mml:mn>0</mml:mn></mml:math></inline-formula></td><td content-type="rowsep colsep" align="center" char="" charoff="50" colspan="1" rowspan="1" valign="top">0</td><td content-type="rowsep colsep" align="center" char="" charoff="50" colspan="1" rowspan="1" valign="top">0</td></tr><tr><td content-type="rowsep colsep" align="left" char="" charoff="50" colspan="1" rowspan="2" valign="top">Toe</td><td content-type="rowsep colsep" align="right" char="" charoff="50" colspan="1" rowspan="1" valign="top"><inline-formula><mml:math id="mml_m7"><mml:mn>0</mml:mn><mml:mspace width="thickmathspace"/><mml:mo>&lt;</mml:mo><mml:mspace width="thickmathspace"/><mml:mi>e</mml:mi><mml:mspace width="thickmathspace"/><mml:mo>≤</mml:mo><mml:mspace width="thickmathspace"/><mml:mn>00</mml:mn></mml:math></inline-formula></td><td content-type="rowsep colsep" align="center" char="" charoff="50" colspan="1" rowspan="1" valign="top"><inline-formula><mml:math id="mml_m8"><mml:mo>≥</mml:mo><mml:mspace width="thickmathspace"/><mml:mn>00</mml:mn></mml:math></inline-formula></td><td content-type="rowsep colsep" align="center" char="" charoff="50" colspan="1" rowspan="1" valign="top">0</td></tr><tr><td content-type="rowsep colsep" align="right" char="" charoff="50" colspan="1" rowspan="1" valign="top"><inline-formula><mml:math id="mml_m9"><mml:mn>00</mml:mn><mml:mspace width="thickmathspace"/><mml:mo>&lt;</mml:mo><mml:mspace width="thickmathspace"/><mml:mi>e</mml:mi><mml:mspace width="thickmathspace"/><mml:mo>≤</mml:mo><mml:mspace width="thickmathspace"/><mml:mn>00</mml:mn></mml:math></inline-formula></td><td content-type="rowsep colsep" align="right" char="" charoff="50" colspan="1" rowspan="1" valign="top"><inline-formula><mml:math id="mml_m10"><mml:mo>≥</mml:mo><mml:mspace width="thickmathspace"/><mml:mn>00</mml:mn></mml:math></inline-formula><xref ref-type="table-fn" rid="tab-1-foo-1"><sup>1</sup></xref></td><td content-type="rowsep colsep" align="right" char="" charoff="50" colspan="1" rowspan="1" valign="top"><inline-formula><mml:math id="mml_m11"><mml:mo>≥</mml:mo><mml:mspace width="thickmathspace"/><mml:mn>00</mml:mn></mml:math></inline-formula></td></tr><tr><td content-type="rowsep colsep" align="left" char="" charoff="50" colspan="1" rowspan="2" valign="top">Foot</td><td content-type="rowsep colsep" align="left" char="" charoff="50" colspan="1" rowspan="2" valign="top"><graphic xlink:href="x121d0b6.gfo-4_2_2-2"><object-id pub-id-type="fpi">+//ISO 9070/RA::A00007::GE::DIN German Institute for Standardization::Regulations//NONSGML EN 811:1996-10-00::Graphical form 4.2.2-2//EN</object-id><object-id pub-id-type="publisher-id">gfo-4.2.2-2</object-id></graphic></td><td content-type="rowsep colsep" align="right" char="" charoff="50" colspan="1" rowspan="1" valign="top"><inline-formula><mml:math id="mml_m12"><mml:mn>00</mml:mn><mml:mspace width="thickmathspace"/><mml:mo>&lt;</mml:mo><mml:mspace width="thickmathspace"/><mml:mi>e</mml:mi><mml:mspace width="thickmathspace"/><mml:mo>≤</mml:mo><mml:mspace width="thickmathspace"/><mml:mn>00</mml:mn></mml:math></inline-formula></td><td content-type="rowsep colsep" align="right" char="" charoff="50" colspan="1" rowspan="1" valign="top"><inline-formula><mml:math id="mml_m13"><mml:mo>≥</mml:mo><mml:mspace width="thickmathspace"/><mml:mn>000</mml:mn></mml:math></inline-formula></td><td content-type="rowsep colsep" align="right" char="" charoff="50" colspan="1" rowspan="1" valign="top"><inline-formula><mml:math id="mml_m14"><mml:mo>≥</mml:mo><mml:mspace width="thickmathspace"/><mml:mn>00</mml:mn></mml:math></inline-formula></td></tr><tr><td content-type="rowsep colsep" align="right" char="" charoff="50" colspan="1" rowspan="1" valign="top"><inline-formula><mml:math id="mml_m15"><mml:mn>00</mml:mn><mml:mspace width="thickmathspace"/><mml:mo>&lt;</mml:mo><mml:mspace width="thickmathspace"/><mml:mi>e</mml:mi><mml:mspace width="thickmathspace"/><mml:mo>≤</mml:mo><mml:mspace width="thickmathspace"/><mml:mn>00</mml:mn></mml:math></inline-formula></td><td content-type="rowsep colsep" align="right" char="" charoff="50" colspan="1" rowspan="1" valign="top"><inline-formula><mml:math id="mml_m16"><mml:mo>≥</mml:mo><mml:mspace width="thickmathspace"/><mml:mn>000</mml:mn></mml:math></inline-formula><xref ref-type="table-fn" rid="tab-1-foo-2"><sup>2</sup></xref></td><td content-type="rowsep colsep" align="right" char="" charoff="50" colspan="1" rowspan="1" valign="top"><inline-formula><mml:math id="mml_m17"><mml:mo>≥</mml:mo><mml:mspace width="thickmathspace"/><mml:mn>000</mml:mn></mml:math></inline-formula></td></tr><tr><td content-type="rowsep colsep" align="left" char="" charoff="50" colspan="1" rowspan="1" valign="top">Leg up to</td><td content-type="rowsep colsep" align="left" char="" charoff="50" colspan="1" rowspan="1" valign="top"><graphic xlink:href="x121d0b6.gfo-4_2_2-3"><object-id pub-id-type="fpi">+//ISO 9070/RA::A00007::GE::DIN German Institute for Standardization::Regulations//NONSGML EN 811:1996-10-00::Graphical form 4.2.2-3//EN</object-id><object-id pub-id-type="publisher-id">gfo-4.2.2-3</object-id></graphic></td><td content-type="rowsep colsep" align="right" char="" charoff="50" colspan="1" rowspan="1" valign="top"><inline-formula><mml:math id="mml_m18"><mml:mn>00</mml:mn><mml:mspace width="thickmathspace"/><mml:mo>&lt;</mml:mo><mml:mspace width="thickmathspace"/><mml:mi>e</mml:mi><mml:mspace width="thickmathspace"/><mml:mo>≤</mml:mo><mml:mspace width="thickmathspace"/><mml:mn>00</mml:mn></mml:math></inline-formula></td><td content-type="rowsep colsep" align="right" char="" charoff="50" colspan="1" rowspan="1" valign="top"><inline-formula><mml:math id="mml_m19"><mml:mo>≥</mml:mo><mml:mspace width="thickmathspace"/><mml:mn>0000</mml:mn></mml:math></inline-formula><xref ref-type="table-fn" rid="tab-1-foo-3"><sup>3</sup></xref></td><td content-type="rowsep colsep" align="right" char="" charoff="50" colspan="1" rowspan="1" valign="top"><inline-formula><mml:math id="mml_m20"><mml:mo>≥</mml:mo><mml:mspace width="thickmathspace"/><mml:mn>000</mml:mn></mml:math></inline-formula><xref ref-type="table-fn" rid="tab-1-foo-2"><sup>2</sup></xref></td></tr><tr><td content-type="rowsep colsep" align="left" char="" charoff="50" colspan="1" rowspan="2" valign="top">Leg up to crotch</td><td content-type="rowsep colsep" align="left" char="" charoff="50" colspan="1" rowspan="2" valign="top"><graphic xlink:href="x121d0b6.gfo-4_2_2-4"><object-id pub-id-type="fpi">+//ISO 9070/RA::A00007::GE::DIN German Institute for Standardization::Regulations//NONSGML EN 811:1996-10-00::Graphical form 4.2.2-4//EN</object-id><object-id pub-id-type="publisher-id">gfo-4.2.2-4</object-id></graphic></td><td content-type="rowsep colsep" align="right" char="" charoff="50" colspan="1" rowspan="1" valign="top"><inline-formula><mml:math id="mml_m21"><mml:mn>00</mml:mn><mml:mspace width="thickmathspace"/><mml:mo>&lt;</mml:mo><mml:mspace width="thickmathspace"/><mml:mi>e</mml:mi><mml:mspace width="thickmathspace"/><mml:mo>≤</mml:mo><mml:mspace width="thickmathspace"/><mml:mn>000</mml:mn></mml:math></inline-formula></td><td content-type="rowsep colsep" align="right" char="" charoff="50" colspan="1" rowspan="1" valign="top"><inline-formula><mml:math id="mml_m22"><mml:mo>≥</mml:mo><mml:mspace width="thickmathspace"/><mml:mn>0000</mml:mn></mml:math></inline-formula><xref ref-type="table-fn" rid="tab-1-foo-3"><sup>3</sup></xref></td><td content-type="rowsep colsep" align="right" char="" charoff="50" colspan="1" rowspan="1" valign="top"><inline-formula><mml:math id="mml_m23"><mml:mo>≥</mml:mo><mml:mspace width="thickmathspace"/><mml:mn>0000</mml:mn></mml:math></inline-formula><xref ref-type="table-fn" rid="tab-1-foo-3"><sup>3</sup></xref></td></tr><tr><td content-type="rowsep colsep" align="right" char="" charoff="50" colspan="1" rowspan="1" valign="top"><inline-formula><mml:math id="mml_m24"><mml:mn>000</mml:mn><mml:mspace width="thickmathspace"/><mml:mo>&lt;</mml:mo><mml:mspace width="thickmathspace"/><mml:mi>e</mml:mi><mml:mspace width="thickmathspace"/><mml:mo>≤</mml:mo><mml:mspace width="thickmathspace"/><mml:mn>000</mml:mn></mml:math></inline-formula></td><td content-type="rowsep colsep" align="center" char="" charoff="50" colspan="1" rowspan="1" valign="top">not admissible</td><td content-type="rowsep colsep" align="right" char="" charoff="50" colspan="1" rowspan="1" valign="top"><inline-formula><mml:math id="mml_m25"><mml:mo>≥</mml:mo><mml:mspace width="thickmathspace"/><mml:mn>0000</mml:mn></mml:math></inline-formula><xref ref-type="table-fn" rid="tab-1-foo-3"><sup>3</sup></xref></td></tr></tbody></table><table-wrap-foot><fn-group specific-use="a"><fn id="tab-1-foo-1"><label>1</label><p>If the lenght of the slot opening is <inline-formula><mml:math id="mml_m26"><mml:mo>≤</mml:mo><mml:mspace width="thickmathspace"/><mml:mn>00</mml:mn><mml:mspace width="thickmathspace"/><mml:mtext>mm</mml:mtext></mml:math></inline-formula> the distance can be reduced to <inline-formula><mml:math id="mml_m27"><mml:mo>≥</mml:mo><mml:mspace width="thickmathspace"/><mml:mn>00</mml:mn><mml:mspace width="thickmathspace"/><mml:mtext>mm</mml:mtext></mml:math></inline-formula></p></fn><fn id="tab-1-foo-2"><label>2</label><p>The value corresponds to “Leg up to knee”.</p></fn><fn id="tab-1-foo-3"><label>3</label><p>The value corresponds to “Leg up to crotch”.</p></fn></fn-group></table-wrap-foot></table-wrap><fig id="fig-1" orientation="portrait"><label>Figure 1</label><caption><title/></caption><normative-note content-type="legend"><!--NISO STS 1.0 placeholder for the legend element--><def-list list-type="callout" specific-use="from-descriptive-list"><def-item><term id="fig-1-ite-1">1</term><def><p>side</p></def></def-item><def-item><term id="fig-1-ite-2">2</term><def><p>diameter</p></def></def-item><def-item><term id="fig-1-ite-3">3</term><def><p>width</p></def></def-item></def-list></normative-note><graphic xlink:href="x121d0b6.fig-1"><object-id pub-id-type="fpi">+//ISO 9070/RA::A00007::GE::DIN German Institute for Standardization::Regulations//NONSGML EN 811:1996-10-00::Figure 1//EN</object-id><object-id pub-id-type="publisher-id">fig-1</object-id></graphic></fig></sec></sec></sec><sec id="sub-5" sec-type="clause"><label>5</label><title>Distances to impede free access</title><p id="par-5-1">A protective structure can be used to restrict the free movement of the lower limbs under protective structures. When this method has to be used, distances are given in <xref ref-type="sec" rid="sub-a">annex A</xref> in relation to the height to the protective structure.</p><non-normative-note id="not-5-1"><label>NOTE 1</label><p>This method gives limited protection and in many cases other methods will be more appropriate.</p></non-normative-note><non-normative-note id="not-5-2"><label>NOTE 2</label><p>Additional precautions can be required to restrict access of the upper limbs and/or to prevent access of the whole body to the danger zone.</p></non-normative-note></sec></body><back><app-group><app id="sub-a" content-type="inform-annex"><label>Annex A</label><annex-type>(informative)</annex-type><title>Impeding free movement under protective structures</title><fig id="fig-a.1" orientation="portrait"><label>Figure A.1</label><caption><title>Case 1</title></caption><normative-note content-type="legend"><!--NISO STS 1.0 placeholder for the legend element--><def-list list-type="callout" specific-use="from-descriptive-list"><def-item><term id="fig-a.1-ite-1">1</term><def><p>Reference plane</p></def></def-item><def-item><term id="fig-a.1-ite-2">2</term><def><p>Hip joint</p></def></def-item><def-item><term id="fig-a.1-ite-3">3</term><def><p>Protective structure</p></def></def-item></def-list></normative-note><graphic xlink:href="x121d0b6.fig-a_1"><object-id pub-id-type="fpi">+//ISO 9070/RA::A00007::GE::DIN German Institute for Standardization::Regulations//NONSGML EN 811:1996-10-00::Figure A.1//EN</object-id><object-id pub-id-type="publisher-id">fig-a.1</object-id></graphic></fig><fig id="fig-a.2" orientation="portrait"><label>Figure A.2</label><caption><title>Case 2</title></caption><normative-note content-type="legend"><!--NISO STS 1.0 placeholder for the legend element--><def-list list-type="callout" specific-use="from-descriptive-list"><def-item><term id="fig-a.2-ite-1">1</term><def><p>Reference plane</p></def></def-item><def-item><term id="fig-a.2-ite-2">2</term><def><p>Hip joint</p></def></def-item><def-item><term id="fig-a.2-ite-3">3</term><def><p>Protective structure</p></def></def-item></def-list></normative-note><graphic xlink:href="x121d0b6.fig-a_2"><object-id pub-id-type="fpi">+//ISO 9070/RA::A00007::GE::DIN German Institute for Standardization::Regulations//NONSGML EN 811:1996-10-00::Figure A.2//EN</object-id><object-id pub-id-type="publisher-id">fig-a.2</object-id></graphic></fig><fig id="fig-a.3" orientation="portrait"><label>Figure A.3</label><caption><title>Case 3</title></caption><normative-note content-type="legend"><!--NISO STS 1.0 placeholder for the legend element--><def-list list-type="callout" specific-use="from-descriptive-list"><def-item><term id="fig-a.3-ite-1">1</term><def><p>Reference plane</p></def></def-item><def-item><term id="fig-a.3-ite-2">2</term><def><p>Hip joint</p></def></def-item><def-item><term id="fig-a.3-ite-3">3</term><def><p>Protective structure</p></def></def-item></def-list></normative-note><graphic xlink:href="x121d0b6.fig-a_3"><object-id pub-id-type="fpi">+//ISO 9070/RA::A00007::GE::DIN German Institute for Standardization::Regulations//NONSGML EN 811:1996-10-00::Figure A.3//EN</object-id><object-id pub-id-type="publisher-id">fig-a.3</object-id></graphic></fig><p id="par-a-1"><xref ref-type="table" rid="tab-a.1">Table A.0</xref> gives distances <inline-formula><mml:math id="mml_m28"><mml:mi>s</mml:mi></mml:math></inline-formula> for particular cases where access of the lower limbs is impeded with the person remaining in a standing position (see <xref ref-type="fig" rid="fig-a.1 fig-a.2 fig-a.3">figure A.0 to A.0</xref>) without any additional support.</p><p id="par-a-2">Where there is a risk of slipping or misuse, applying the values given in <xref ref-type="table" rid="tab-a.1">table A.0</xref> can be inappropriate.</p><p id="par-a-3">There should be no interpolation between the values in this table. If the height <inline-formula><mml:math id="mml_m29"><mml:mi>h</mml:mi></mml:math></inline-formula> up to the protective structure is between two values then the distance for the higher value of <inline-formula><mml:math id="mml_m30"><mml:mi>h</mml:mi></mml:math></inline-formula> should be used.</p><table-wrap id="tab-a.1" orientation="portrait"><label>Table A.1</label><caption><title/><p content-type="units">Dimensions in millimetres</p></caption><table rules="none" frame="border"><col char="" charoff="50" span="1" width="6.600cm"/><col char="" charoff="50" span="1" width="3.500cm"/><col char="" charoff="50" span="1" width="3.500cm"/><col char="" charoff="50" span="1" width="3.500cm"/><thead char="" charoff="50"><tr><th content-type="rowsep colsep" align="center" char="" charoff="50" colspan="1" rowspan="2" valign="middle">Height up to protective structure <inline-formula><mml:math id="mml_m31"><mml:mi>h</mml:mi></mml:math></inline-formula></th><th colspan="3" content-type="norowsep colsep" align="center" char="" charoff="50" rowspan="1" valign="middle">Distances <inline-formula><mml:math id="mml_m32"><mml:mi>s</mml:mi></mml:math></inline-formula></th></tr><tr><th content-type="rowsep colsep" align="center" char="" charoff="50" colspan="1" rowspan="1" valign="middle">Case 1</th><th content-type="rowsep colsep" align="center" char="" charoff="50" colspan="1" rowspan="1" valign="middle">Case 2</th><th content-type="rowsep colsep" align="center" char="" charoff="50" colspan="1" rowspan="1" valign="middle">Case 3</th></tr></thead><tbody char="" charoff="50"><tr><td content-type="rowsep colsep" align="center" char="" charoff="50" colspan="1" rowspan="1" valign="top"><inline-formula><mml:math id="mml_m33"><mml:mi>h</mml:mi><mml:mspace width="thickmathspace"/><mml:mo>≤</mml:mo><mml:mspace width="thickmathspace"/><mml:mn>000</mml:mn></mml:math></inline-formula></td><td content-type="rowsep colsep" align="center" char="" charoff="50" colspan="1" rowspan="1" valign="top"><inline-formula><mml:math id="mml_m34"><mml:mo>≥</mml:mo><mml:mspace width="thickmathspace"/><mml:mn>000</mml:mn></mml:math></inline-formula></td><td content-type="rowsep colsep" align="center" char="" charoff="50" colspan="1" rowspan="1" valign="top"><inline-formula><mml:math id="mml_m35"><mml:mo>≥</mml:mo><mml:mspace width="thickmathspace"/><mml:mn>000</mml:mn></mml:math></inline-formula></td><td content-type="rowsep colsep" align="center" char="" charoff="50" colspan="1" rowspan="1" valign="top"><inline-formula><mml:math id="mml_m36"><mml:mo>≥</mml:mo><mml:mspace width="thickmathspace"/><mml:mn>000</mml:mn></mml:math></inline-formula></td></tr><tr><td content-type="rowsep colsep" align="center" char="" charoff="50" colspan="1" rowspan="1" valign="top"><inline-formula><mml:math id="mml_m37"><mml:mn>000</mml:mn><mml:mspace width="thickmathspace"/><mml:mo>&lt;</mml:mo><mml:mspace width="thickmathspace"/><mml:mi>h</mml:mi><mml:mspace width="thickmathspace"/><mml:mo>≤</mml:mo><mml:mspace width="thickmathspace"/><mml:mn>000</mml:mn></mml:math></inline-formula></td><td content-type="rowsep colsep" align="center" char="" charoff="50" colspan="1" rowspan="1" valign="top"><inline-formula><mml:math id="mml_m38"><mml:mo>≥</mml:mo><mml:mspace width="thickmathspace"/><mml:mn>000</mml:mn></mml:math></inline-formula></td><td content-type="rowsep colsep" align="center" char="" charoff="50" colspan="1" rowspan="1" valign="top"><inline-formula><mml:math id="mml_m39"><mml:mo>≥</mml:mo><mml:mspace width="thickmathspace"/><mml:mn>000</mml:mn></mml:math></inline-formula></td><td content-type="rowsep colsep" align="center" char="" charoff="50" colspan="1" rowspan="1" valign="top"><inline-formula><mml:math id="mml_m40"><mml:mo>≥</mml:mo><mml:mspace width="thickmathspace"/><mml:mn>000</mml:mn></mml:math></inline-formula></td></tr><tr><td content-type="rowsep colsep" align="center" char="" charoff="50" colspan="1" rowspan="1" valign="top"><inline-formula><mml:math id="mml_m41"><mml:mn>000</mml:mn><mml:mspace width="thickmathspace"/><mml:mo>&lt;</mml:mo><mml:mspace width="thickmathspace"/><mml:mi>h</mml:mi><mml:mspace width="thickmathspace"/><mml:mo>≤</mml:mo><mml:mspace width="thickmathspace"/><mml:mn>000</mml:mn></mml:math></inline-formula></td><td content-type="rowsep colsep" align="center" char="" charoff="50" colspan="1" rowspan="1" valign="top"><inline-formula><mml:math id="mml_m42"><mml:mo>≥</mml:mo><mml:mspace width="thickmathspace"/><mml:mn>000</mml:mn></mml:math></inline-formula></td><td content-type="rowsep colsep" align="center" char="" charoff="50" colspan="1" rowspan="1" valign="top"><inline-formula><mml:math id="mml_m43"><mml:mo>≥</mml:mo><mml:mspace width="thickmathspace"/><mml:mn>000</mml:mn></mml:math></inline-formula></td><td content-type="rowsep colsep" align="center" char="" charoff="50" colspan="1" rowspan="1" valign="top"><inline-formula><mml:math id="mml_m44"><mml:mo>≥</mml:mo><mml:mspace width="thickmathspace"/><mml:mn>000</mml:mn></mml:math></inline-formula></td></tr><tr><td content-type="rowsep colsep" align="center" char="" charoff="50" colspan="1" rowspan="1" valign="top"><inline-formula><mml:math id="mml_m45"><mml:mn>000</mml:mn><mml:mspace width="thickmathspace"/><mml:mo>&lt;</mml:mo><mml:mspace width="thickmathspace"/><mml:mi>h</mml:mi><mml:mspace width="thickmathspace"/><mml:mo>≤</mml:mo><mml:mspace width="thickmathspace"/><mml:mn>000</mml:mn></mml:math></inline-formula></td><td content-type="rowsep colsep" align="center" char="" charoff="50" colspan="1" rowspan="1" valign="top"><inline-formula><mml:math id="mml_m46"><mml:mo>≥</mml:mo><mml:mspace width="thickmathspace"/><mml:mn>000</mml:mn></mml:math></inline-formula></td><td content-type="rowsep colsep" align="center" char="" charoff="50" colspan="1" rowspan="1" valign="top"><inline-formula><mml:math id="mml_m47"><mml:mo>≥</mml:mo><mml:mspace width="thickmathspace"/><mml:mn>000</mml:mn></mml:math></inline-formula></td><td content-type="rowsep colsep" align="center" char="" charoff="50" colspan="1" rowspan="1" valign="top"><inline-formula><mml:math id="mml_m48"><mml:mo>≥</mml:mo><mml:mspace width="thickmathspace"/><mml:mn>000</mml:mn></mml:math></inline-formula></td></tr><tr><td content-type="rowsep colsep" align="center" char="" charoff="50" colspan="1" rowspan="1" valign="top"><inline-formula><mml:math id="mml_m49"><mml:mn>000</mml:mn><mml:mspace width="thickmathspace"/><mml:mo>&lt;</mml:mo><mml:mspace width="thickmathspace"/><mml:mi>h</mml:mi><mml:mspace width="thickmathspace"/><mml:mo>≤</mml:mo><mml:mspace width="thickmathspace"/><mml:mn>0000</mml:mn></mml:math></inline-formula></td><td content-type="rowsep colsep" align="center" char="" charoff="50" colspan="1" rowspan="1" valign="top"><inline-formula><mml:math id="mml_m50"><mml:mo>≥</mml:mo><mml:mspace width="thickmathspace"/><mml:mn>0000</mml:mn></mml:math></inline-formula></td><td content-type="rowsep colsep" align="center" char="" charoff="50" colspan="1" rowspan="1" valign="top"><inline-formula><mml:math id="mml_m51"><mml:mo>≥</mml:mo><mml:mspace width="thickmathspace"/><mml:mn>0000</mml:mn></mml:math></inline-formula></td><td content-type="rowsep colsep" align="center" char="" charoff="50" colspan="1" rowspan="1" valign="top"><inline-formula><mml:math id="mml_m52"><mml:mo>≥</mml:mo><mml:mspace width="thickmathspace"/><mml:mn>0000</mml:mn></mml:math></inline-formula></td></tr></tbody></table></table-wrap></app><app id="sub-za" content-type="inform-annex"><label>Annex ZA</label><annex-type>(informative)</annex-type><title>Clauses of this European Standard addressing essential requirements or other provisions of EU directives</title><p id="par-za-1">This European Standard has been prepared under a mandate given to CEN by the European Commission and the European Free Trade Assaciation and supports essential requirements of EU directives:<list list-type="simple" specific-use="unordered.list none"><list-item><p>Council Directive of 14 June 1989 on the approximation of the laws of the Member States relating to Machinery (<xref ref-type="bibr" rid="nla-reg-8">00/000/EEC</xref>)</p></list-item><list-item><p>Council Directive of 20 June 1991 amending Directive <xref ref-type="bibr" rid="nla-reg-8">00/000/EEC</xref> on the approximation of the laws of the Member States relating to machinery (<xref ref-type="bibr" rid="nla-reg-9">00/000/EEC</xref>)</p></list-item><list-item><p>Council Directive of 14 June 1993 amending Directive <xref ref-type="bibr" rid="nla-reg-8">00/000/EEC</xref> on the approximation of the laws of the Member States relating to machinery (<xref ref-type="bibr" rid="nla-reg-10">00/00/EEC</xref>)</p></list-item></list></p><p id="par-za-2">The clauses of this standard are likely to support requirements of the three directives mentioned above.<non-normative-note content-type="warning"><label>WARNING</label><p>Other requirements and other EU directives may be applicable to the products falling within the scope of this standard.</p></non-normative-note></p><p id="par-za-3">Compliance with this standard provides one means of conforming with the specific essential requirements of the directives concerned and associated EFTA requlations.</p></app></app-group><sec specific-use="index" id="sec_index"><title>Stichwortverzeichnis</title></sec></back></standard></adoption>